slug,date,tag,headline,standfirst,body,author,image,player_slug,expires,use_player_photo,partner,partner_url,weight
report-2026-09-02-hartford-athletic-v-charleston-battery,2026-09-02,,Barry Coffey scores as Hartford Athletic beat Charleston Battery 2-1,"USL Championship: Barry Coffey (1 goal, rated 7.9).","Hartford Athletic beat Charleston Battery 2-1 in the USL Championship on Wednesday 02 September.

## The Irish on the pitch
- [Barry Coffey](/player/barry-coffey.html) scored 1, played 90 minutes, finished on a 7.9 match rating. That leaves the season at 6 goals and 1 assist in 17 appearances.",Jack Deane,,barry-coffey,2026-09-05T00:00,yes,,,77
report-2026-09-02-west-bromwich-albion-v-charlton-athletic,2026-09-02,,Jayson Molumby shines as West Bromwich Albion draw 1-1 with Charlton Athletic,Championship: Jayson Molumby (rated 7.5).,"West Bromwich Albion draw with Charlton Athletic 1-1 in the Championship on Wednesday 02 September.

## The Irish on the pitch
- [Jayson Molumby](/player/jayson-molumby.html) played 90 minutes, finished on a 7.5 match rating. That leaves the season at 0 goals and 0 assists in 4 appearances.",Jack Deane,,jayson-molumby,2026-09-05T00:00,yes,,,104
report-2026-09-02-celtic-v-aberdeen,2026-09-02,,Liam Scales shines as Celtic beat Aberdeen 3-0,Premiership: Liam Scales (rated 7.9).,"Celtic beat Aberdeen 3-0 in the Premiership on Wednesday 02 September.

## The Irish on the pitch
- [Liam Scales](/player/liam-scales.html) played 90 minutes, finished on a 7.9 match rating. That leaves the season at 0 goals and 0 assists in 2 appearances.",Jack Deane,,liam-scales,2026-09-05T00:00,yes,,,96
report-2026-09-02-luton-town-v-stockport-county,2026-09-02,,Callum Marshall and Josh Keeley score as Luton Town beat Stockport County 2-0,"League One: Callum Marshall (1 goal, rated 7.3); Josh Keeley (rated 7.7).","Luton Town beat Stockport County 2-0 in the League One on Wednesday 02 September.

## The Irish on the pitch
- [Callum Marshall](/player/callum-marshall.html) scored 1, played 25 minutes, finished on a 7.3 match rating. That leaves the season at 2 goals and 0 assists in 4 appearances.
- [Josh Keeley](/player/josh-keeley.html) played 90 minutes, finished on a 7.7 match rating. That leaves the season at 0 goals and 0 assists in 4 appearances.",Jack Deane,,callum-marshall,2026-09-05T00:00,yes,,,95
report-2026-09-02-motherwell-v-dundee-united,2026-09-02,,Joe Hodge shines as Motherwell beat Dundee United 3-0,Premiership: Joe Hodge (rated 8.3).,"Motherwell beat Dundee United 3-0 in the Premiership on Wednesday 02 September.

## The Irish on the pitch
- [Joe Hodge](/player/joe-hodge.html) played 90 minutes, finished on a 8.3 match rating. That leaves the season at 0 goals and 0 assists in 2 appearances.",Jack Deane,,joe-hodge,2026-09-05T00:00,yes,,,93
report-2026-09-02-queens-park-rangers-v-cardiff-city,2026-09-02,,Harvey Vale and Jimmy Dunne shine as Queens Park Rangers beat Cardiff City 2-1,Championship: Harvey Vale (rated 7.8); Jimmy Dunne (rated 7.7).,"Queens Park Rangers beat Cardiff City 2-1 in the Championship on Wednesday 02 September.

## The Irish on the pitch
- [Harvey Vale](/player/harvey-vale.html) played 90 minutes, finished on a 7.8 match rating. That leaves the season at 0 goals and 1 assist in 3 appearances.
- [Jimmy Dunne](/player/jimmy-dunne.html) played 90 minutes, finished on a 7.7 match rating. That leaves the season at 1 goal and 0 assists in 4 appearances.",Jack Deane,,harvey-vale,2026-09-05T00:00,yes,,,85
report-2026-09-02-barnsley-v-blackpool,2026-09-02,,Connor O'Riordan shines as Barnsley beat Blackpool 2-1,League One: Connor O'Riordan (rated 8.0).,"Barnsley beat Blackpool 2-1 in the League One on Wednesday 02 September.

## The Irish on the pitch
- [Connor O'Riordan](/player/connor-oriordan.html) played 90 minutes, finished on a 8.0 match rating. That leaves the season at 0 goals and 0 assists in 2 appearances.",Jack Deane,,connor-oriordan,2026-09-05T00:00,yes,,,63
report-2026-09-02-levski-sofia-v-slavia-sofia,2026-09-02,,Armstrong Oko-Flex scores as Levski Sofia beat Slavia Sofia 2-1,First Professional League: Armstrong Oko-Flex (1 goal).,"Levski Sofia beat Slavia Sofia 2-1 in the First Professional League on Wednesday 02 September.

## The Irish on the pitch
- [Armstrong Oko-Flex](/player/armstrong-oko-flex.html) scored 1, played 23 minutes. That leaves the season at 3 goals and 1 assist in 6 appearances.",Jack Deane,,armstrong-oko-flex,2026-09-05T00:00,yes,,,55
report-2026-09-01-swansea-city-v-watford,2026-09-01,,Adam Idah scores as Swansea City beat Watford 2-0,"Championship: Adam Idah (1 goal, 1 assist, rated 8.6).","Swansea City beat Watford 2-0 in the Championship on Tuesday 01 September.

## The Irish on the pitch
- [Adam Idah](/player/adam-idah.html) scored 1, set up 1, played 67 minutes, finished on a 8.6 match rating. That leaves the season at 2 goals and 1 assist in 4 appearances.",Jack Deane,,adam-idah,2026-09-04T00:00,yes,,,166
report-2026-09-01-leyton-orient-v-bromley,2026-09-01,,Jaze Kabia hits two as Leyton Orient beat Bromley 5-0,"League One: Jaze Kabia (2 goals, rated 9.0).","Leyton Orient beat Bromley 5-0 in the League One on Tuesday 01 September.

## The Irish on the pitch
- [Jaze Kabia](/player/jaze-kabia.html) scored 2, played 80 minutes, finished on a 9.0 match rating. That leaves the season at 2 goals and 2 assists in 4 appearances.",Jack Deane,,jaze-kabia,2026-09-04T00:00,yes,,,143
report-2026-09-01-derby-county-v-portsmouth,2026-09-01,,Sammie Szmodics scores as Derby County beat Portsmouth 2-0,"Championship: Sammie Szmodics (1 goal, rated 7.8).","Derby County beat Portsmouth 2-0 in the Championship on Tuesday 01 September.

## The Irish on the pitch
- [Sammie Szmodics](/player/sammie-szmodics.html) scored 1, played 86 minutes, finished on a 7.8 match rating. That leaves the season at 2 goals and 0 assists in 3 appearances.",Jack Deane,,sammie-szmodics,2026-09-04T00:00,yes,,,114
report-2026-09-01-rochdale-v-shrewsbury-town,2026-09-01,,Baba Adeeko and Jonny Smith score as Rochdale beat Shrewsbury Town 3-0,"League Two: Baba Adeeko (1 goal, rated 7.7); Jonny Smith (1 goal, rated 7.1).","Rochdale beat Shrewsbury Town 3-0 in the League Two on Tuesday 01 September.

## The Irish on the pitch
- [Baba Adeeko](/player/baba-adeeko.html) scored 1, played 87 minutes, finished on a 7.7 match rating. That leaves the season at 1 goal and 0 assists in 4 appearances.
- [Jonny Smith](/player/jonny-smith.html) scored 1, played 13 minutes, finished on a 7.1 match rating. That leaves the season at 1 goal and 0 assists in 2 appearances.",Jack Deane,,baba-adeeko,2026-09-04T00:00,yes,,,96
report-2026-09-01-swindon-town-v-port-vale,2026-09-01,,Aaron Drinan scores as Swindon Town beat Port Vale 3-1,"League Two: Aaron Drinan (1 goal, rated 8.2).","Swindon Town beat Port Vale 3-1 in the League Two on Tuesday 01 September.

## The Irish on the pitch
- [Aaron Drinan](/player/aaron-drinan.html) scored 1, played 89 minutes, finished on a 8.2 match rating. That leaves the season at 2 goals and 0 assists in 4 appearances.",Jack Deane,,aaron-drinan,2026-09-04T00:00,yes,,,85
report-2026-09-01-fleetwood-town-v-oldham-athletic,2026-09-01,,Ronan Coughlan and Calum Kavanagh score as Fleetwood Town draw 1-1 with Oldham Athletic,"League Two: Ronan Coughlan (1 goal, rated 7.3); Calum Kavanagh (1 assist, rated 8.0); Ryan Delaney (rated 7.5).","Fleetwood Town draw with Oldham Athletic 1-1 in the League Two on Tuesday 01 September.

## The Irish on the pitch
- [Ronan Coughlan](/player/ronan-coughlan.html) scored 1, played 18 minutes, finished on a 7.3 match rating. That leaves the season at 1 goal and 1 assist in 2 appearances.
- [Calum Kavanagh](/player/calum-kavanagh.html) set up 1, played 77 minutes, finished on a 8.0 match rating. That leaves the season at 3 goals and 3 assists in 4 appearances.
- [Ryan Delaney](/player/ryan-delaney.html) played 67 minutes, finished on a 7.5 match rating. That leaves the season at 0 goals and 0 assists in 4 appearances.",Jack Deane,,ronan-coughlan,2026-09-04T00:00,yes,,,80
report-2026-09-01-sheffield-wednesday-v-wycombe-wanderers,2026-09-01,,Louie Barry scores as Sheffield Wednesday beat Wycombe Wanderers 2-1,"League One: Louie Barry (1 goal, rated 7.4).","Sheffield Wednesday beat Wycombe Wanderers 2-1 in the League One on Tuesday 01 September.

## The Irish on the pitch
- [Louie Barry](/player/louie-barry.html) scored 1, played 16 minutes, finished on a 7.4 match rating. That leaves the season at 3 goals and 1 assist in 4 appearances.",Jack Deane,,louie-barry,2026-09-04T00:00,yes,,,73
report-2026-09-01-huddersfield-town-v-oxford-united,2026-09-01,,Marcus Harness shines as Huddersfield Town beat Oxford United 3-1,League One: Marcus Harness (rated 8.2).,"Huddersfield Town beat Oxford United 3-1 in the League One on Tuesday 01 September.

## The Irish on the pitch
- [Marcus Harness](/player/marcus-harness.html) played 78 minutes, finished on a 8.2 match rating. That leaves the season at 0 goals and 0 assists in 4 appearances.",Jack Deane,,marcus-harness,2026-09-04T00:00,yes,,,68
report-2026-09-01-notts-county-v-doncaster-rovers,2026-09-01,,Rory Finneran and Jay McGrath shine as Notts County draw 1-1 with Doncaster Rovers,League One: Rory Finneran (rated 7.7); Jay McGrath (rated 7.5).,"Notts County draw with Doncaster Rovers 1-1 in the League One on Tuesday 01 September.

## The Irish on the pitch
- [Rory Finneran](/player/rory-finneran.html) played 90 minutes, finished on a 7.7 match rating. That leaves the season at 0 goals and 0 assists in 2 appearances.
- [Jay McGrath](/player/jay-mcgrath.html) played 90 minutes, finished on a 7.5 match rating. That leaves the season at 0 goals and 0 assists in 4 appearances.",Jack Deane,,rory-finneran,2026-09-04T00:00,yes,,,55
report-2026-09-01-exeter-city-v-barnet,2026-09-01,,Charlie Cummins shines as Exeter City draw 1-1 with Barnet,League Two: Charlie Cummins (rated 7.6).,"Exeter City draw with Barnet 1-1 in the League Two on Tuesday 01 September.

## The Irish on the pitch
- [Charlie Cummins](/player/charlie-cummins.html) played 90 minutes, finished on a 7.6 match rating. That leaves the season at 0 goals and 0 assists in 4 appearances.",Jack Deane,,charlie-cummins,2026-09-04T00:00,yes,,,42
report-2026-09-01-tranmere-rovers-v-rotherham-united,2026-09-01,,Jacob Slater shines as Tranmere Rovers draw 2-2 with Rotherham United,"League Two: Jacob Slater (1 assist, rated 7.6).","Tranmere Rovers draw with Rotherham United 2-2 in the League Two on Tuesday 01 September.

## The Irish on the pitch
- [Jacob Slater](/player/jacob-slater.html) set up 1, played 90 minutes, finished on a 7.6 match rating. That leaves the season at 0 goals and 1 assist in 3 appearances.",Jack Deane,,jacob-slater,2026-09-04T00:00,yes,,,42
report-2026-08-30-derry-city-v-shamrock-rovers,2026-08-30,,Michael Duffy and Graham Burke score as Derry City draw 3-3 with Shamrock Rovers,"Premier Division: Michael Duffy (1 goal, 2 assists, rated 9.4); Graham Burke (1 goal, 1 assist, rated 8.6); Michael Noonan (1 goal, rated 7.2); Dylan Watts (1 goal, rated 7.1); Will Fitzgerald (2 assists, rated 8.0); William Fitzgerald (2 assists, rated 8.0); Darragh Burns (1 assist, rated 7.9); Tunmise Sobowale (rated 7.8).","Derry City draw with Shamrock Rovers 3-3 in the Premier Division on Sunday 30 August.

## The Irish on the pitch
- [Michael Duffy](/player/michael-duffy.html) scored 1, set up 2, played 90 minutes, finished on a 9.4 match rating. That leaves the season at 9 goals and 6 assists in 22 appearances.
- [Graham Burke](/player/graham-burke.html) scored 1, set up 1, played 90 minutes, finished on a 8.6 match rating. That leaves the season at 8 goals and 1 assist in 23 appearances.
- [Michael Noonan](/player/michael-noonan.html) scored 1, played 90 minutes, finished on a 7.2 match rating. That leaves the season at 7 goals and 0 assists in 26 appearances.
- [Dylan Watts](/player/dylan-watts.html) scored 1, played 12 minutes, finished on a 7.1 match rating. That leaves the season at 5 goals and 4 assists in 19 appearances.
- [Will Fitzgerald](/player/will-fitzgerald.html) set up 2, played 21 minutes, finished on a 8.0 match rating. That leaves the season at 5 goals and 3 assists in 25 appearances.
- [William Fitzgerald](/player/william-fitzgerald.html) set up 2, played 21 minutes, finished on a 8.0 match rating. That leaves the season at 5 goals and 3 assists in 25 appearances.
- [Darragh Burns](/player/darragh-burns.html) set up 1, played 79 minutes, finished on a 7.9 match rating. That leaves the season at 0 goals and 5 assists in 21 appearances.
- [Tunmise Sobowale](/player/tunmise-sobowale.html) played 90 minutes, finished on a 7.8 match rating. That leaves the season at 1 goal and 3 assists in 26 appearances.",Jack Deane,,michael-duffy,2026-09-02T00:00,yes,,,303
report-2026-08-30-brentford-v-leeds-united,2026-08-30,,Nathan Collins shines as Brentford draw 1-1 with Leeds United,Premier League: Nathan Collins (rated 7.7).,"Brentford draw with Leeds United 1-1 in the Premier League on Sunday 30 August.

## The Irish on the pitch
- [Nathan Collins](/player/nathan-collins.html) played 90 minutes, finished on a 7.7 match rating. That leaves the season at 0 goals and 0 assists in 2 appearances.",Jack Deane,,nathan-collins,2026-09-02T00:00,yes,,,142
report-2026-08-30-magdeburg-v-holstein-kiel,2026-08-30,,Anselmo García MacNulty shines as Magdeburg beat Holstein Kiel 2-0,2. Bundesliga: Anselmo García MacNulty (rated 7.6).,"Magdeburg beat Holstein Kiel 2-0 in the 2. Bundesliga on Sunday 30 August.

## The Irish on the pitch
- [Anselmo García MacNulty](/player/anselmo-garcia-macnulty.html) played 90 minutes, finished on a 7.6 match rating. That leaves the season at 0 goals and 0 assists in 3 appearances.",Jack Deane,,anselmo-garcia-macnulty,2026-09-02T00:00,yes,,,94
report-2026-08-30-hibernian-v-dundee-fc,2026-08-30,,Jacob Devaney and Jamie McGrath shine as Hibernian beat Dundee FC 2-1,Premiership: Jacob Devaney (rated 7.6); Jamie McGrath (rated 7.5).,"Hibernian beat Dundee FC 2-1 in the Premiership on Sunday 30 August.

## The Irish on the pitch
- [Jacob Devaney](/player/jacob-devaney.html) played 81 minutes, finished on a 7.6 match rating. That leaves the season at 0 goals and 0 assists in 1 appearances.
- [Jamie McGrath](/player/jamie-mcgrath.html) played 90 minutes, finished on a 7.5 match rating. That leaves the season at 0 goals and 0 assists in 2 appearances.",Jack Deane,,jacob-devaney,2026-09-02T00:00,yes,,,70
report-2026-08-30-empoli-v-mantova,2026-08-30,,Matteo Egan shines despite Empoli's 1-3 defeat to Mantova,"Serie B: Matteo Egan (1 assist, rated 7.6).","Empoli lose to Mantova 1-3 in the Serie B on Sunday 30 August.

## The Irish on the pitch
- [Matteo Egan](/player/matteo-egan.html) set up 1, played 90 minutes, finished on a 7.6 match rating. That leaves the season at 0 goals and 1 assist in 2 appearances.",Jack Deane,,matteo-egan,2026-09-02T00:00,yes,,,58
report-2026-08-30-mansfield-town-v-luton-town,2026-08-30,,Stephen McLaughlin shines as Mansfield Town beat Luton Town 5-2,League One: Stephen McLaughlin (rated 7.6).,"Mansfield Town beat Luton Town 5-2 in the League One on Sunday 30 August.

## The Irish on the pitch
- [Stephen McLaughlin](/player/stephen-mclaughlin.html) played 90 minutes, finished on a 7.6 match rating. That leaves the season at 0 goals and 0 assists in 3 appearances.",Jack Deane,,stephen-mclaughlin,2026-09-02T00:00,yes,,,50
report-2026-08-29-southampton-v-millwall,2026-08-29,,Finn Azaz and Mark Sykes score as Southampton beat Millwall 5-1,"Championship: Finn Azaz (1 goal, 1 assist, rated 9.1); Mark Sykes (1 goal, rated 6.6); Ryan Manning (1 assist, rated 7.9).","Southampton beat Millwall 5-1 in the Championship on Saturday 29 August.

## The Irish on the pitch
- [Finn Azaz](/player/finn-azaz.html) scored 1, set up 1, played 90 minutes, finished on a 9.1 match rating. That leaves the season at 1 goal and 2 assists in 3 appearances.
- [Mark Sykes](/player/mark-sykes.html) scored 1, played 90 minutes, finished on a 6.6 match rating. That leaves the season at 1 goal and 0 assists in 3 appearances.
- [Ryan Manning](/player/ryan-manning.html) set up 1, played 90 minutes, finished on a 7.9 match rating. That leaves the season at 1 goal and 1 assist in 3 appearances.",Jack Deane,,finn-azaz,2026-09-01T00:00,yes,,,192
report-2026-08-29-sheffield-wednesday-v-bromley,2026-08-29,,Louie Barry hits two as Sheffield Wednesday beat Bromley 7-2,"League One: Louie Barry (2 goals, 1 assist, rated 9.4); Gabriel Otegbayo (1 goal, rated 6.6).","Sheffield Wednesday beat Bromley 7-2 in the League One on Saturday 29 August.

## The Irish on the pitch
- [Louie Barry](/player/louie-barry.html) scored 2, set up 1, played 79 minutes, finished on a 9.4 match rating. That leaves the season at 2 goals and 1 assist in 3 appearances.
- [Gabriel Otegbayo](/player/gabriel-otegbayo.html) scored 1, played 45 minutes, finished on a 6.6 match rating. That leaves the season at 1 goal and 0 assists in 3 appearances.",Jack Deane,,louie-barry,2026-09-01T00:00,yes,,,180
report-2026-08-29-cardiff-city-v-sheffield-united,2026-08-29,,Jack Moylan and Tom Cannon score as Cardiff City draw 2-2 with Sheffield United,"Championship: Jack Moylan (1 goal, rated 8.0); Tom Cannon (1 goal, rated 7.8); Joel Bagan (rated 7.9).","Cardiff City draw with Sheffield United 2-2 in the Championship on Saturday 29 August.

## The Irish on the pitch
- [Jack Moylan](/player/jack-moylan.html) scored 1, played 85 minutes, finished on a 8.0 match rating. That leaves the season at 1 goal and 0 assists in 3 appearances.
- [Tom Cannon](/player/tom-cannon.html) scored 1, played 84 minutes, finished on a 7.8 match rating. That leaves the season at 1 goal and 0 assists in 2 appearances.
- [Joel Bagan](/player/joel-bagan.html) played 90 minutes, finished on a 7.9 match rating. That leaves the season at 0 goals and 0 assists in 3 appearances.",Jack Deane,,jack-moylan,2026-09-01T00:00,yes,,,156
report-2026-08-29-bristol-city-v-portsmouth,2026-08-29,,Jason Knight scores as Bristol City beat Portsmouth 2-1,"Championship: Jason Knight (1 goal, rated 8.2).","Bristol City beat Portsmouth 2-1 in the Championship on Saturday 29 August.

## The Irish on the pitch
- [Jason Knight](/player/jason-knight.html) scored 1, played 90 minutes, finished on a 8.2 match rating. That leaves the season at 1 goal and 0 assists in 3 appearances.",Jack Deane,,jason-knight,2026-09-01T00:00,yes,,,156
report-2026-08-29-dundee-united-v-kilmarnock,2026-08-29,,Will Ferry scores as Dundee United beat Kilmarnock 4-0,"Premiership: Will Ferry (1 goal, 1 assist, rated 8.9).","Dundee United beat Kilmarnock 4-0 in the Premiership on Saturday 29 August.

## The Irish on the pitch
- [Will Ferry](/player/will-ferry.html) scored 1, set up 1, played 90 minutes, finished on a 8.9 match rating. That leaves the season at 1 goal and 1 assist in 4 appearances.",Jack Deane,,will-ferry,2026-09-01T00:00,yes,,,136
report-2026-08-29-hull-city-v-coventry-city,2026-08-29,,John Egan shines as Hull City beat Coventry City 1-0,Premier League: John Egan (rated 7.5).,"Hull City beat Coventry City 1-0 in the Premier League on Saturday 29 August.

## The Irish on the pitch
- [John Egan](/player/john-egan.html) played 90 minutes, finished on a 7.5 match rating. That leaves the season at 0 goals and 0 assists in 2 appearances.",Jack Deane,,john-egan,2026-09-01T00:00,yes,,,134
report-2026-08-29-queens-park-rangers-v-blackburn-rovers,2026-08-29,,Jimmy Dunne scores as Queens Park Rangers beat Blackburn Rovers 2-1,"Championship: Jimmy Dunne (1 goal, rated 8.4).","Queens Park Rangers beat Blackburn Rovers 2-1 in the Championship on Saturday 29 August.

## The Irish on the pitch
- [Jimmy Dunne](/player/jimmy-dunne.html) scored 1, played 90 minutes, finished on a 8.4 match rating. That leaves the season at 1 goal and 0 assists in 3 appearances.",Jack Deane,,jimmy-dunne,2026-09-01T00:00,yes,,,123
report-2026-08-29-oldham-athletic-v-swindon-town,2026-08-29,,Calum Kavanagh scores as Oldham Athletic beat Swindon Town 3-0,"League Two: Calum Kavanagh (1 goal, 2 assists, rated 9.1).","Oldham Athletic beat Swindon Town 3-0 in the League Two on Saturday 29 August.

## The Irish on the pitch
- [Calum Kavanagh](/player/calum-kavanagh.html) scored 1, set up 2, played 90 minutes, finished on a 9.1 match rating. That leaves the season at 3 goals and 2 assists in 3 appearances.",Jack Deane,,calum-kavanagh,2026-09-01T00:00,yes,,,112
report-2026-08-29-celtic-v-falkirk,2026-08-29,,Liam Scales shines as Celtic beat Falkirk 2-1,Premiership: Liam Scales (rated 8.0).,"Celtic beat Falkirk 2-1 in the Premiership on Saturday 29 August.

## The Irish on the pitch
- [Liam Scales](/player/liam-scales.html) played 90 minutes, finished on a 8.0 match rating. That leaves the season at 0 goals and 0 assists in 1 appearances.",Jack Deane,,liam-scales,2026-09-01T00:00,yes,,,99
report-2026-08-29-st-johnstone-v-heart-of-midlothian,2026-08-29,,Ruari Paton and Oisin McEntee score but St. Johnstone fall to Heart of Midlothian 2-1,"Premiership: Ruari Paton (1 goal, rated 7.6); Oisin McEntee (rated 7.6).","St. Johnstone lose to Heart of Midlothian 1-2 in the Premiership on Saturday 29 August.

## The Irish on the pitch
- [Ruari Paton](/player/ruari-paton.html) scored 1, played 73 minutes, finished on a 7.6 match rating. That leaves the season at 1 goal and 0 assists in 3 appearances.
- [Oisin McEntee](/player/oisin-mcentee.html) played 90 minutes, finished on a 7.6 match rating. That leaves the season at 1 goal and 0 assists in 3 appearances.",Jack Deane,,ruari-paton,2026-09-01T00:00,yes,,,98
report-2026-08-29-hartford-athletic-v-birmingham-legion-fc,2026-08-29,,Barry Coffey scores as Hartford Athletic beat Birmingham Legion FC 3-2,"USL Championship: Barry Coffey (1 goal, rated 8.3).","Hartford Athletic beat Birmingham Legion FC 3-2 in the USL Championship on Saturday 29 August.

## The Irish on the pitch
- [Barry Coffey](/player/barry-coffey.html) scored 1, played 82 minutes, finished on a 8.3 match rating. That leaves the season at 5 goals and 1 assist in 16 appearances.",Jack Deane,,barry-coffey,2026-09-01T00:00,yes,,,89
report-2026-08-29-grimsby-town-v-fleetwood-town,2026-08-29,,Cian Doyle scores as Grimsby Town draw 2-2 with Fleetwood Town,"League Two: Cian Doyle (1 goal, rated 8.0).","Grimsby Town draw with Fleetwood Town 2-2 in the League Two on Saturday 29 August.

## The Irish on the pitch
- [Cian Doyle](/player/cian-doyle.html) scored 1, played 83 minutes, finished on a 8.0 match rating. That leaves the season at 1 goal and 0 assists in 3 appearances.",Jack Deane,,cian-doyle,2026-09-01T00:00,yes,,,80
report-2026-08-29-gillingham-v-northampton-town,2026-08-29,,Conor McManus scores as Gillingham draw 1-1 with Northampton Town,"League Two: Conor McManus (1 goal, rated 7.9).","Gillingham draw with Northampton Town 1-1 in the League Two on Saturday 29 August.

## The Irish on the pitch
- [Conor McManus](/player/conor-mcmanus.html) scored 1, played 82 minutes, finished on a 7.9 match rating. That leaves the season at 1 goal and 0 assists in 2 appearances.",Jack Deane,,conor-mcmanus,2026-09-01T00:00,yes,,,77
report-2026-08-29-charlton-athletic-v-preston-north-end,2026-08-29,,Millenic Alli and Dan McNamara shine as Charlton Athletic beat Preston North End 1-0,"Championship: Millenic Alli (1 assist, rated 7.6); Dan McNamara (rated 7.5).","Charlton Athletic beat Preston North End 1-0 in the Championship on Saturday 29 August.

## The Irish on the pitch
- [Millenic Alli](/player/millenic-alli.html) set up 1, played 45 minutes, finished on a 7.6 match rating. That leaves the season at 0 goals and 1 assist in 2 appearances.
- [Dan McNamara](/player/dan-mcnamara.html) played 90 minutes, finished on a 7.5 match rating. That leaves the season at 0 goals and 0 assists in 3 appearances.",Jack Deane,,millenic-alli,2026-09-01T00:00,yes,,,71
report-2026-08-29-plymouth-argyle-v-bradford-city,2026-08-29,,Ronan Curtis shines as Plymouth Argyle beat Bradford City 2-0,League One: Ronan Curtis (rated 8.0).,"Plymouth Argyle beat Bradford City 2-0 in the League One on Saturday 29 August.

## The Irish on the pitch
- [Ronan Curtis](/player/ronan-curtis.html) played 89 minutes, finished on a 8.0 match rating. That leaves the season at 0 goals and 0 assists in 3 appearances.",Jack Deane,,ronan-curtis,2026-09-01T00:00,yes,,,70
report-2026-08-29-sporting-jax-v-brooklyn,2026-08-29,,Kieran Sadlier scores but Sporting JAX fall to Brooklyn 4-1,"USL Championship: Kieran Sadlier (1 goal, rated 6.6).","Sporting JAX lose to Brooklyn 1-4 in the USL Championship on Saturday 29 August.

## The Irish on the pitch
- [Kieran Sadlier](/player/kieran-sadlier.html) scored 1, played 35 minutes, finished on a 6.6 match rating. That leaves the season at 9 goals and 1 assist in 21 appearances.",Jack Deane,,kieran-sadlier,2026-09-01T00:00,yes,,,65
report-2026-08-29-spartans-fc-v-clyde,2026-08-29,,Ricardo Dinanga scores as Spartans FC draw 3-3 with Clyde,League Two: Ricardo Dinanga (1 goal).,"Spartans FC draw with Clyde 3-3 in the League Two on Saturday 29 August.

## The Irish on the pitch
- [Ricardo Dinanga](/player/ricardo-dinanga.html) scored 1, played 23 minutes. That leaves the season at 2 goals and 0 assists in 4 appearances.",Jack Deane,,ricardo-dinanga,2026-09-01T00:00,yes,,,65
report-2026-08-29-notts-county-v-burton-albion,2026-08-29,,Rory Finneran shines as Notts County beat Burton Albion 2-1,League One: Rory Finneran (rated 7.8).,"Notts County beat Burton Albion 2-1 in the League One on Saturday 29 August.

## The Irish on the pitch
- [Rory Finneran](/player/rory-finneran.html) played 90 minutes, finished on a 7.8 match rating. That leaves the season at 0 goals and 0 assists in 1 appearances.",Jack Deane,,rory-finneran,2026-09-01T00:00,yes,,,57
report-2026-08-29-stockport-county-v-wycombe-wanderers,2026-08-29,,Eoghan O'Connell shines as Stockport County beat Wycombe Wanderers 5-1,League One: Eoghan O'Connell (rated 7.7).,"Stockport County beat Wycombe Wanderers 5-1 in the League One on Saturday 29 August.

## The Irish on the pitch
- [Eoghan O'Connell](/player/eoghan-oconnell.html) played 90 minutes, finished on a 7.7 match rating. That leaves the season at 0 goals and 0 assists in 3 appearances.",Jack Deane,,eoghan-oconnell,2026-09-01T00:00,yes,,,54
report-2026-08-29-blackpool-v-peterborough-united,2026-08-29,,CJ Hamilton shines as Blackpool beat Peterborough United 4-0,League One: CJ Hamilton (rated 7.6).,"Blackpool beat Peterborough United 4-0 in the League One on Saturday 29 August.

## The Irish on the pitch
- [CJ Hamilton](/player/cj-hamilton.html) played 90 minutes, finished on a 7.6 match rating. That leaves the season at 0 goals and 0 assists in 3 appearances.",Jack Deane,,cj-hamilton,2026-09-01T00:00,yes,,,51
report-2026-08-29-barnet-v-cheltenham-town,2026-08-29,,Oisín Gallagher shines as Barnet draw 2-2 with Cheltenham Town,League Two: Oisín Gallagher (rated 7.8).,"Barnet draw with Cheltenham Town 2-2 in the League Two on Saturday 29 August.

## The Irish on the pitch
- [Oisín Gallagher](/player/oisin-gallagher.html) played 90 minutes, finished on a 7.8 match rating. That leaves the season at 1 goal and 0 assists in 3 appearances.",Jack Deane,,oisin-gallagher,2026-09-01T00:00,yes,,,48
report-2026-08-28-dundalk-v-drogheda-united,2026-08-28,,Daryl Horgan and Brandon Kavanagh score as Dundalk beat Drogheda United 3-2,"Premier Division: Daryl Horgan (1 goal, 1 assist, rated 8.8); Brandon Kavanagh (1 goal, rated 8.7); Cian Dillon (1 goal, rated 7.6); Ronan Teahan (1 goal, rated 7.2).","Dundalk beat Drogheda United 3-2 in the Premier Division on Friday 28 August.

## The Irish on the pitch
- [Daryl Horgan](/player/daryl-horgan.html) scored 1, set up 1, played 90 minutes, finished on a 8.8 match rating. That leaves the season at 10 goals and 10 assists in 28 appearances.
- [Brandon Kavanagh](/player/brandon-kavanagh.html) scored 1, played 90 minutes, finished on a 8.7 match rating. That leaves the season at 3 goals and 5 assists in 28 appearances.
- [Cian Dillon](/player/cian-dillon.html) scored 1, played 90 minutes, finished on a 7.6 match rating. That leaves the season at 1 goal and 0 assists in 5 appearances.
- [Ronan Teahan](/player/ronan-teahan.html) scored 1, played 45 minutes, finished on a 7.2 match rating. That leaves the season at 3 goals and 1 assist in 23 appearances.",Jack Deane,,daryl-horgan,2026-08-31T00:00,yes,,,257
report-2026-08-28-bohemian-fc-v-sligo-rovers,2026-08-28,,Dawson Devoy and Senan Mullen score as Bohemian FC beat Sligo Rovers 3-0,"Premier Division: Dawson Devoy (1 goal, rated 8.7); Senan Mullen (rated 8.3); Cian Byrne (rated 8.0); Harry Vaughan (1 assist, rated 7.9); Darragh Power (rated 7.8).","Bohemian FC beat Sligo Rovers 3-0 in the Premier Division on Friday 28 August.

## The Irish on the pitch
- [Dawson Devoy](/player/dawson-devoy.html) scored 1, played 82 minutes, finished on a 8.7 match rating. That leaves the season at 3 goals and 5 assists in 27 appearances.
- [Senan Mullen](/player/senan-mullen.html) played 90 minutes, finished on a 8.3 match rating. That leaves the season at 0 goals and 1 assist in 19 appearances.
- [Cian Byrne](/player/cian-byrne.html) played 90 minutes, finished on a 8.0 match rating. That leaves the season at 1 goal and 0 assists in 19 appearances.
- [Harry Vaughan](/player/harry-vaughan.html) set up 1, played 70 minutes, finished on a 7.9 match rating. That leaves the season at 3 goals and 4 assists in 23 appearances.
- [Darragh Power](/player/darragh-power.html) played 90 minutes, finished on a 7.8 match rating. That leaves the season at 0 goals and 0 assists in 28 appearances.",Jack Deane,,dawson-devoy,2026-08-31T00:00,yes,,,184
report-2026-08-28-galway-united-fc-v-shelbourne,2026-08-28,,Jimmy Keohane and David Hurley score as Galway United FC draw 1-1 with Shelbourne,"Premier Division: Jimmy Keohane (1 goal, rated 7.6); David Hurley (rated 8.0); Leigh Kavanagh (rated 7.7); Ed McCarthy (rated 7.6); Edward McCarthy (rated 7.6); Seán Gannon (rated 7.6); Odhrán Casey (rated 7.5).","Galway United FC draw with Shelbourne 1-1 in the Premier Division on Friday 28 August.

## The Irish on the pitch
- [Jimmy Keohane](/player/jimmy-keohane.html) scored 1, played 90 minutes, finished on a 7.6 match rating. That leaves the season at 3 goals and 3 assists in 24 appearances.
- [David Hurley](/player/david-hurley.html) played 90 minutes, finished on a 8.0 match rating. That leaves the season at 2 goals and 7 assists in 28 appearances.
- [Leigh Kavanagh](/player/leigh-kavanagh.html) played 84 minutes, finished on a 7.7 match rating. That leaves the season at 0 goals and 0 assists in 11 appearances.
- [Ed McCarthy](/player/ed-mccarthy.html) played 88 minutes, finished on a 7.6 match rating. That leaves the season at 3 goals and 0 assists in 27 appearances.
- [Edward McCarthy](/player/edward-mccarthy.html) played 88 minutes, finished on a 7.6 match rating. That leaves the season at 3 goals and 0 assists in 27 appearances.
- [Seán Gannon](/player/sean-gannon.html) played 90 minutes, finished on a 7.6 match rating. That leaves the season at 0 goals and 1 assist in 20 appearances.
- [Odhrán Casey](/player/odhran-casey.html) played 90 minutes, finished on a 7.5 match rating. That leaves the season at 0 goals and 0 assists in 6 appearances.",Jack Deane,,jimmy-keohane,2026-08-31T00:00,yes,,,119
report-2026-08-28-waterford-fc-v-st-patricks-athletic,2026-08-28,,John Mahon and Tom Lonergan score as Waterford FC beat St. Patrick's Athletic 2-0,"Premier Division: John Mahon (1 goal, rated 8.5); Tom Lonergan (1 assist, rated 7.6).","Waterford FC beat St. Patrick's Athletic 2-0 in the Premier Division on Friday 28 August.

## The Irish on the pitch
- [John Mahon](/player/john-mahon.html) scored 1, played 90 minutes, finished on a 8.5 match rating. That leaves the season at 5 goals and 1 assist in 27 appearances.
- [Tom Lonergan](/player/tom-lonergan.html) set up 1, played 90 minutes, finished on a 7.6 match rating. That leaves the season at 14 goals and 4 assists in 27 appearances.",Jack Deane,,john-mahon,2026-08-31T00:00,yes,,,119
