club,club_id,source,checked
1. FC Nürnberg,,search,2026-08-28T12:52:02Z
1.FC K'lautern,,search,2026-08-28T17:37:43Z
1.FC Magdeburg,,search,2026-08-28T17:37:43Z
1860 München,,search,2026-08-28T12:52:02Z
A. Villa Yth.,,search,2026-08-28T17:37:43Z
A. Yesilova SK,,search,2026-08-28T17:37:43Z
AC Oulu,4449,harvest,2026-08-28T12:52:02Z
AD Ceuta FC,,search,2026-08-28T12:52:02Z
ADO Den Haag,10217,harvest,2026-08-28T12:52:02Z
AEK Athens,8563,harvest,2026-08-28T12:52:02Z
AFC Bournemouth,8678,harvest,2026-08-28T12:52:02Z
AFC Bournemouth Academy,2128213,harvest,2026-08-28T12:52:02Z
AFC Bournemouth U18,2137380,harvest,2026-08-28T12:52:02Z
AFC Fylde,282396,harvest,2026-08-28T12:52:02Z
AFC Telford United,6315,harvest,2026-08-28T12:52:02Z
AFC Totton,275027,harvest,2026-08-28T12:52:02Z
AFC Wimbledon,158319,harvest,2026-08-28T12:52:02Z
AIK,,search,2026-08-28T17:37:43Z
APOEL Nicosia,,search,2026-08-28T17:37:43Z
ATK,,search,2026-08-28T17:37:43Z
ATK Mohun Bagan,,search,2026-08-28T17:37:43Z
ATL UTD 2,,search,2026-08-28T17:37:43Z
AV Alta,,search,2026-08-28T12:52:02Z
AVS Futebol SAD,,search,2026-08-28T12:52:02Z
AZ Alkmaar,,search,2026-08-28T12:52:02Z
AZ Alkmaar U19,,search,2026-08-28T12:52:02Z
Aalesund,,search,2026-08-28T12:52:02Z
Aberdeen,8485,harvest,2026-08-28T12:52:02Z
Aberdeen B,1273052,harvest,2026-08-28T12:52:02Z
Aberdeen FC,,search,2026-08-28T17:37:43Z
Aberdeen FC B,,search,2026-08-28T17:37:43Z
Aberdeen FC U17,,search,2026-08-28T17:37:43Z
Aberdeen FC U20,,search,2026-08-28T17:37:43Z
Aberystwyth,,search,2026-08-28T17:37:43Z
Abu Dhabi Wolf.,,search,2026-08-28T17:37:43Z
Accrington,8671,harvest,2026-08-28T12:52:02Z
Accrington Stanley,8671,harvest,2026-08-28T12:52:02Z
Adelaide United,,search,2026-08-28T12:52:02Z
Aegir,,search,2026-08-28T17:37:43Z
Afan Lido,,search,2026-08-28T17:37:43Z
Airbus UK Broughton,,search,2026-08-28T12:52:02Z
Airdrieonians,8176,harvest,2026-08-28T12:52:02Z
Ajax,,search,2026-08-28T12:52:02Z
Ajax U19,,search,2026-08-28T12:52:02Z
Akademisk BK,,search,2026-08-28T17:37:43Z
Al Ittihad Alexandria,,search,2026-08-28T12:52:02Z
Al Mokawloon Al Arab,,search,2026-08-28T12:52:02Z
Alanyaspor,,search,2026-08-28T12:52:02Z
Albacete,,search,2026-08-28T12:52:02Z
Alcoyano,,search,2026-08-28T12:52:02Z
Aldershot,,search,2026-08-28T17:37:43Z
Aldershot Town,8465,harvest,2026-08-28T12:52:02Z
Alemannia Aachen,,search,2026-08-28T12:52:02Z
Alfreton,,search,2026-08-28T17:37:43Z
Alfreton Town,6258,harvest,2026-08-28T12:52:02Z
Alloa Athletic,,search,2026-08-28T12:52:02Z
Almería,,search,2026-08-28T12:52:02Z
Almería U17,,search,2026-08-28T17:37:43Z
Altrincham,9915,harvest,2026-08-28T12:52:02Z
Aluminij,,search,2026-08-28T12:52:02Z
Alverca,,search,2026-08-28T12:52:02Z
Amed Sportif,,search,2026-08-28T12:52:02Z
Anderlecht,,search,2026-08-28T12:52:02Z
Anderlecht Futures,,search,2026-08-28T12:52:02Z
Andorra U21,,search,2026-08-28T12:52:02Z
Angers,,search,2026-08-28T12:52:02Z
Annagh United,652310,harvest,2026-08-28T12:52:02Z
Annan Athletic,,search,2026-08-28T12:52:02Z
Ansbach,1711,harvest,2026-08-28T12:52:02Z
Ararat Armenia,,search,2026-08-28T12:52:02Z
Arbroath,8280,harvest,2026-08-28T12:52:02Z
Arda Kardzhali,,search,2026-08-28T12:52:02Z
Arezzo,,search,2026-08-28T12:52:02Z
Armagh,4618,harvest,2026-08-28T12:52:02Z
Armenia,,search,2026-08-28T12:52:02Z
Arminia Bielefeld,,search,2026-08-28T12:52:02Z
Arouca,,search,2026-08-28T12:52:02Z
Arsenal,9825,harvest,2026-08-28T12:52:02Z
Arsenal U18,1113566,harvest,2026-08-28T12:52:02Z
Arsenal U21,950214,harvest,2026-08-28T12:52:02Z
Artis Brno,,search,2026-08-28T12:52:02Z
Aston Villa,10252,harvest,2026-08-28T12:52:02Z
Aston Villa U18,1113564,harvest,2026-08-28T12:52:02Z
Aston Villa U21,1070261,harvest,2026-08-28T12:52:02Z
Atalanta,,search,2026-08-28T12:52:02Z
Atalanta U19,,search,2026-08-28T12:52:02Z
Atherton Collieries,616935,harvest,2026-08-28T12:52:02Z
Athlone Town,2378,harvest,2026-08-28T12:52:02Z
Atlanta United,773958,harvest,2026-08-28T12:52:02Z
Atlanta United 2,,search,2026-08-28T12:52:02Z
Atlas,,search,2026-08-28T12:52:02Z
Atlético Madrid U19,,search,2026-08-28T12:52:02Z
Atlético Ottawa,,search,2026-08-28T12:52:02Z
Auckland FC,,search,2026-08-28T12:52:02Z
Augsburg,,search,2026-08-28T12:52:02Z
Augsburg II,,search,2026-08-28T12:52:02Z
Austin FC,1218886,harvest,2026-08-28T12:52:02Z
Auxerre,,search,2026-08-28T12:52:02Z
Avro,1290988,harvest,2026-08-28T12:52:02Z
Ayr United,9913,harvest,2026-08-28T12:52:02Z
Bahlinger SC,2393,harvest,2026-08-28T12:52:02Z
Bala Town,175654,harvest,2026-08-28T12:52:02Z
Ballinamallard United,187970,harvest,2026-08-28T12:52:02Z
Ballkani,,search,2026-08-28T12:52:02Z
Ballymena United,4063,harvest,2026-08-28T12:52:02Z
Bamber Bridge,282395,harvest,2026-08-28T12:52:02Z
Bangor,77755,harvest,2026-08-28T12:52:02Z
Baník Ostrava,,search,2026-08-28T12:52:02Z
Baník Ostrava B,,search,2026-08-28T12:52:02Z
Barcelona,8634,harvest,2026-08-28T12:52:02Z
Bari,,search,2026-08-28T12:52:02Z
Barnet,8175,harvest,2026-08-28T12:52:02Z
Barnsley,8283,harvest,2026-08-28T12:52:02Z
Barrow,6350,harvest,2026-08-28T12:52:02Z
Barry Town,1603,harvest,2026-08-28T12:52:02Z
Basingstoke,45807,harvest,2026-08-28T12:52:02Z
Bath City,,search,2026-08-28T12:52:02Z
Bayer Leverkusen,,search,2026-08-28T12:52:02Z
Bayer Leverkusen U19,,search,2026-08-28T12:52:02Z
Bayern München,9823,harvest,2026-08-28T12:52:02Z
Bedford Town,,search,2026-08-28T12:52:02Z
Benfica,,search,2026-08-28T12:52:02Z
Benfica U19,597674,harvest,2026-08-28T12:52:02Z
Beroe,,search,2026-08-28T12:52:02Z
Berwick Rangers,,search,2026-08-28T12:52:02Z
Beşiktaş,,search,2026-08-28T12:52:02Z
Billericay,2261,harvest,2026-08-28T12:52:02Z
Birmingham,8658,harvest,2026-08-28T12:52:02Z
Birmingham City,8658,harvest,2026-08-28T12:52:02Z
Birmingham Legion FC,1003207,harvest,2026-08-28T12:52:02Z
Birmingham U21,1796111,harvest,2026-08-28T12:52:02Z
Bishop's Stortford,4046,harvest,2026-08-28T12:52:02Z
Blackburn,8655,harvest,2026-08-28T12:52:02Z
Blackburn Rovers,8655,harvest,2026-08-28T12:52:02Z
Blackpool,8483,harvest,2026-08-28T12:52:02Z
Bo'ness United,,search,2026-08-28T12:52:02Z
Bodø/Glimt,,search,2026-08-28T12:52:02Z
Bohemian FC,4594,harvest,2026-08-28T12:52:02Z
Boise,,search,2026-08-28T12:52:02Z
Bologna,,search,2026-08-28T12:52:02Z
Bologna U20,648650,harvest,2026-08-28T12:52:02Z
Bolton,8559,harvest,2026-08-28T12:52:02Z
Bolton Wanderers,8559,harvest,2026-08-28T12:52:02Z
Boluspor,,search,2026-08-28T12:52:02Z
Bonnyrigg Rose,183953,harvest,2026-08-28T12:52:02Z
Borac Banja Luka,,search,2026-08-28T12:52:02Z
Boreham Wood,2488,harvest,2026-08-28T12:52:02Z
Boston United,8646,harvest,2026-08-28T12:52:02Z
Botev Plovdiv,10131,harvest,2026-08-28T12:52:02Z
Botev Vratsa,,search,2026-08-28T12:52:02Z
Botoșani,188191,harvest,2026-08-28T12:52:02Z
Boulogne,,search,2026-08-28T12:52:02Z
Bournemouth,8678,harvest,2026-08-28T12:52:02Z
Brackley Town,158321,harvest,2026-08-28T12:52:02Z
Bradford,8484,harvest,2026-08-28T12:52:02Z
Bradford City,8484,harvest,2026-08-28T12:52:02Z
Braga,,search,2026-08-28T12:52:02Z
Braintree Town,5763,harvest,2026-08-28T12:52:02Z
Brann,,search,2026-08-28T12:52:02Z
Bray Wanderers,1629,harvest,2026-08-28T12:52:02Z
Breiðablik,,search,2026-08-28T12:52:02Z
Brentford,9937,harvest,2026-08-28T12:52:02Z
Brentford Academy,2054260,harvest,2026-08-28T12:52:02Z
Brentford U18,2137381,harvest,2026-08-28T12:52:02Z
Brentwood Town,282343,harvest,2026-08-28T12:52:02Z
Brest,,search,2026-08-28T12:52:02Z
Brighton,10204,harvest,2026-08-28T12:52:02Z
Brighton & Hove Albion,10204,harvest,2026-08-28T12:52:02Z
Brighton & Hove Albion U21,773678,harvest,2026-08-28T12:52:02Z
Brisbane Roar FC,8118,harvest,2026-08-28T12:52:02Z
Bristol City,8427,harvest,2026-08-28T12:52:02Z
Bristol Rovers,10104,harvest,2026-08-28T12:52:02Z
Bromley,45729,harvest,2026-08-28T12:52:02Z
Bromsgrove Sporting,,search,2026-08-28T12:52:02Z
Brooklyn,1877733,harvest,2026-08-28T12:52:02Z
Brora Rangers,97904,harvest,2026-08-28T12:52:02Z
Burgess Hill Town,282340,harvest,2026-08-28T12:52:02Z
Burgos CF,,search,2026-08-28T12:52:02Z
Burkina Faso,,search,2026-08-28T12:52:02Z
Burnley,8191,harvest,2026-08-28T12:52:02Z
Burnley U21,1796112,harvest,2026-08-28T12:52:02Z
Burton,9792,harvest,2026-08-28T12:52:02Z
Burton Albion,9792,harvest,2026-08-28T12:52:02Z
Bury Town,,search,2026-08-28T12:52:02Z
Buxton,161824,harvest,2026-08-28T12:52:02Z
CD Estepona,,search,2026-08-28T12:52:02Z
CD Mirandés,,search,2026-08-28T12:52:02Z
CF América,6576,harvest,2026-08-28T12:52:02Z
CF Montréal,,search,2026-08-28T12:52:02Z
CF Talavera de la Reina,,search,2026-08-28T12:52:02Z
CFR Cluj,,search,2026-08-28T12:52:02Z
CSKA 1948,944215,harvest,2026-08-28T12:52:02Z
CSKA Sofia,10144,harvest,2026-08-28T12:52:02Z
Cabinteely,614052,harvest,2026-08-28T12:52:02Z
Caernarfon,2198,harvest,2026-08-28T12:52:02Z
Cagliari,8529,harvest,2026-08-28T12:52:02Z
Cambrian United,316361,harvest,2026-08-28T12:52:02Z
Cambridge,9834,harvest,2026-08-28T12:52:02Z
Cambridge United,9834,harvest,2026-08-28T12:52:02Z
Cambuur,7788,harvest,2026-08-28T12:52:02Z
Canada,,search,2026-08-28T12:52:02Z
Canada U17,,search,2026-08-28T12:52:02Z
Cardiff,8344,harvest,2026-08-28T12:52:02Z
Cardiff City,8344,harvest,2026-08-28T12:52:02Z
Cardiff Met FC,,search,2026-08-28T12:52:02Z
Carlisle,10196,harvest,2026-08-28T12:52:02Z
Carlisle United,10196,harvest,2026-08-28T12:52:02Z
Carolina Core FC,,search,2026-08-28T12:52:02Z
Carrarese,6488,harvest,2026-08-28T12:52:02Z
Carrick Rangers,187969,harvest,2026-08-28T12:52:02Z
Casa Pia AC,,search,2026-08-28T12:52:02Z
Cashmere Technical,613373,harvest,2026-08-28T12:52:02Z
Castellón,,search,2026-08-28T12:52:02Z
Catania,8530,harvest,2026-08-28T12:52:02Z
Catanzaro,,search,2026-08-28T12:52:02Z
Cavalry FC,1022952,harvest,2026-08-28T12:52:02Z
Cavese,,search,2026-08-28T12:52:02Z
Celta Vigo,,search,2026-08-28T12:52:02Z
Celtic,9925,harvest,2026-08-28T12:52:02Z
Central Coast Mariners,,search,2026-08-28T12:52:02Z
Ceramica Cleopatra,,search,2026-08-28T12:52:02Z
Cercle Brugge,9984,harvest,2026-08-28T12:52:02Z
Cesena,,search,2026-08-28T12:52:02Z
Charleston Battery,162183,harvest,2026-08-28T12:52:02Z
Charlotte FC,1323940,harvest,2026-08-28T12:52:02Z
Charlotte Independence,,search,2026-08-28T12:52:02Z
Charlton,8451,harvest,2026-08-28T12:52:02Z
Charlton Athletic,8451,harvest,2026-08-28T12:52:02Z
Chatham Town,,search,2026-08-28T12:52:02Z
Chattanooga FC,,search,2026-08-28T12:52:02Z
Chattanooga Red Wolves SC,,search,2026-08-28T12:52:02Z
Chelmsford,45724,harvest,2026-08-28T12:52:02Z
Chelsea,8455,harvest,2026-08-28T12:52:02Z
Chelsea U21,773652,harvest,2026-08-28T12:52:02Z
Cheltenham,8680,harvest,2026-08-28T12:52:02Z
Cheltenham Town,8680,harvest,2026-08-28T12:52:02Z
Cherno More Varna,,search,2026-08-28T12:52:02Z
Chesham United,,search,2026-08-28T12:52:02Z
Chester FC,9797,harvest,2026-08-28T12:52:02Z
Chesterfield,9786,harvest,2026-08-28T12:52:02Z
Chicago,,search,2026-08-28T12:52:02Z
Chicago Fire FC,,search,2026-08-28T12:52:02Z
Chippenham Town,,search,2026-08-28T12:52:02Z
Chorley,274599,harvest,2026-08-28T12:52:02Z
Cincinnati,,search,2026-08-28T12:52:02Z
Civil Service Strollers,,search,2026-08-28T12:52:02Z
Clachnacuddin,,search,2026-08-28T12:52:02Z
Cliftonville,1703,harvest,2026-08-28T12:52:02Z
Club Brugge,8342,harvest,2026-08-28T12:52:02Z
Clyde,8409,harvest,2026-08-28T12:52:02Z
Cobh Ramblers,2383,harvest,2026-08-28T12:52:02Z
Colchester,8416,harvest,2026-08-28T12:52:02Z
Colchester United,8416,harvest,2026-08-28T12:52:02Z
Coleraine,2202,harvest,2026-08-28T12:52:02Z
Colorado,8314,harvest,2026-08-28T12:52:02Z
Colorado Rapids,,search,2026-08-28T12:52:02Z
Colorado Springs Switchbacks FC,614321,harvest,2026-08-28T12:52:02Z
Columbus,6001,harvest,2026-08-28T12:52:02Z
Columbus Crew,6001,harvest,2026-08-28T12:52:02Z
Colwyn Bay,207869,harvest,2026-08-28T12:52:02Z
Como,10171,harvest,2026-08-28T12:52:02Z
Cong An Ho Chí Minh City,179228,harvest,2026-08-28T12:52:02Z
Connah's Quay Nomads,2193,harvest,2026-08-28T12:52:02Z
Cork City,2201,harvest,2026-08-28T12:52:02Z
Corvinul Hunedoara,1515102,harvest,2026-08-28T12:52:02Z
Cosenza,6456,harvest,2026-08-28T12:52:02Z
Cosmos,,search,2026-08-28T12:52:02Z
Cove Rangers,,search,2026-08-28T12:52:02Z
Coventry,,search,2026-08-28T17:37:43Z
Coventry City,8669,harvest,2026-08-28T12:52:02Z
Crawley,8647,harvest,2026-08-28T12:52:02Z
Crawley Town,8647,harvest,2026-08-28T12:52:02Z
Cray Wanderers,177064,harvest,2026-08-28T12:52:02Z
Cremonese,7801,harvest,2026-08-28T12:52:02Z
Crewe,9784,harvest,2026-08-28T12:52:02Z
Crewe Alexandra,9784,harvest,2026-08-28T12:52:02Z
Croix,,search,2026-08-28T12:52:02Z
Crusaders,1937,harvest,2026-08-28T12:52:02Z
Cruz Azul,,search,2026-08-28T12:52:02Z
Crystal Palace,9826,harvest,2026-08-28T12:52:02Z
Crystal Palace U18,1183385,harvest,2026-08-28T12:52:02Z
Cultural Leonesa,,search,2026-08-28T12:52:02Z
Cumbernauld Colts,,search,2026-08-28T12:52:02Z
Curzon,,search,2026-08-28T12:52:02Z
Czechia,,search,2026-08-28T12:52:02Z
Cádiz,,search,2026-08-28T12:52:02Z
Córdoba,,search,2026-08-28T12:52:02Z
Công An Hà Nội,614354,harvest,2026-08-28T12:52:02Z
DC United,6602,harvest,2026-08-28T12:52:02Z
Dagenham & Redbridge,8009,harvest,2026-08-28T12:52:02Z
Dallas,,search,2026-08-28T12:52:02Z
Darlington,8598,harvest,2026-08-28T12:52:02Z
Darmstadt,8262,harvest,2026-08-28T12:52:02Z
Dartford,161813,harvest,2026-08-28T12:52:02Z
De Graafschap,8526,harvest,2026-08-28T12:52:02Z
Debrecen,,search,2026-08-28T12:52:02Z
Deportiva Minera,278805,harvest,2026-08-28T12:52:02Z
Deportivo A Coruña,,search,2026-08-28T12:52:02Z
Derby,10170,harvest,2026-08-28T12:52:02Z
Derby County,10170,harvest,2026-08-28T12:52:02Z
Derby County U18,1113549,harvest,2026-08-28T12:52:02Z
Derby County U21,773680,harvest,2026-08-28T12:52:02Z
Derry City,8338,harvest,2026-08-28T12:52:02Z
Des Moines Menace,,search,2026-08-28T12:52:02Z
Detroit City FC,540855,harvest,2026-08-28T12:52:02Z
Dinamo Zagreb,,search,2026-08-28T12:52:02Z
Diosgyori VTK,,search,2026-08-28T12:52:02Z
Dobrudzha Dobrich,,search,2026-08-28T12:52:02Z
Doncaster,9903,harvest,2026-08-28T12:52:02Z
Doncaster Rovers,9903,harvest,2026-08-28T12:52:02Z
Dorking Wanderers,580438,harvest,2026-08-28T12:52:02Z
Dortmund,9789,harvest,2026-08-28T12:52:02Z
Dover,4454,harvest,2026-08-28T12:52:02Z
Drita,,search,2026-08-28T12:52:02Z
Drogheda United,8339,harvest,2026-08-28T12:52:02Z
Dulwich Hamlet,,search,2026-08-28T12:52:02Z
Dumbarton,,search,2026-08-28T12:52:02Z
Dunav Ruse,,search,2026-08-28T12:52:02Z
Dundalk,1853,harvest,2026-08-28T12:52:02Z
Dundee FC,8284,harvest,2026-08-28T12:52:02Z
Dundee FC B,1273049,harvest,2026-08-28T12:52:02Z
Dundee United,9938,harvest,2026-08-28T12:52:02Z
Dunfermline Athletic,8457,harvest,2026-08-28T12:52:02Z
Dungannon Swifts,4615,harvest,2026-08-28T12:52:02Z
Dunkerque,,search,2026-08-28T12:52:02Z
Dynamo Dresden,,search,2026-08-28T12:52:02Z
East Fife,9758,harvest,2026-08-28T12:52:02Z
East Kilbride,575419,harvest,2026-08-28T12:52:02Z
Eastbourne Borough,,search,2026-08-28T12:52:02Z
Eastleigh,161803,harvest,2026-08-28T12:52:02Z
Ebbsfleet United,9794,harvest,2026-08-28T12:52:02Z
Edinburgh City,,search,2026-08-28T12:52:02Z
Egnatia,,search,2026-08-28T12:52:02Z
Eibar,,search,2026-08-28T12:52:02Z
Eintracht Braunschweig,,search,2026-08-28T12:52:02Z
Eintracht Frankfurt,,search,2026-08-28T12:52:02Z
Eintracht Frankfurt U19,,search,2026-08-28T12:52:02Z
El Farolito SC,,search,2026-08-28T12:52:02Z
El Gouna FC,,search,2026-08-28T12:52:02Z
El Paso Locomotive FC,,search,2026-08-28T12:52:02Z
Elgin City,9914,harvest,2026-08-28T12:52:02Z
Elversberg,,search,2026-08-28T12:52:02Z
Emley,,search,2026-08-28T12:52:02Z
Empoli,8534,harvest,2026-08-28T12:52:02Z
Energie Cottbus,,search,2026-08-28T12:52:02Z
Enfield Town,,search,2026-08-28T12:52:02Z
Engen Santos FC,102096,harvest,2026-08-28T12:52:02Z
England U21,,search,2026-08-28T12:52:02Z
Erzgebirge Aue,,search,2026-08-28T12:52:02Z
Erzurumspor FK,281467,harvest,2026-08-28T12:52:02Z
Estoril,,search,2026-08-28T12:52:02Z
Estoril U23,1510636,harvest,2026-08-28T12:52:02Z
Estrela da Amadora,,search,2026-08-28T12:52:02Z
Ethiopia,,search,2026-08-28T12:52:02Z
Everton,8668,harvest,2026-08-28T12:52:02Z
Excelsior,,search,2026-08-28T12:52:02Z
Exeter,9833,harvest,2026-08-28T12:52:02Z
Exeter City,9833,harvest,2026-08-28T12:52:02Z
Eyüpspor,,search,2026-08-28T14:39:40Z
FC Argeș Pitesti,,search,2026-08-28T14:39:40Z
FC Cincinnati,,search,2026-08-28T14:39:40Z
FC Dallas,,search,2026-08-28T14:39:40Z
FC Dordrecht,,search,2026-08-28T14:39:40Z
FC Emmen,6660,harvest,2026-08-28T12:52:02Z
FC Groningen,,search,2026-08-28T14:39:40Z
FC Halifax Town,10195,harvest,2026-08-28T12:52:02Z
FC Inter Turku,6550,harvest,2026-08-28T12:52:02Z
FC KTP,,search,2026-08-28T14:39:40Z
FC Lahti,,search,2026-08-28T14:39:40Z
FC Liefering,1915,harvest,2026-08-28T12:52:02Z
FC Memmingen,,search,2026-08-28T14:39:40Z
FC Midtjylland,,search,2026-08-28T14:39:40Z
FC Motown,,search,2026-08-28T14:39:40Z
FC Naples,,search,2026-08-28T14:39:40Z
FC Noah,,search,2026-08-28T14:39:40Z
FC Porto,9773,harvest,2026-08-28T12:52:02Z
FC Schweinfurt,,search,2026-08-28T14:39:40Z
FC Tulsa,,search,2026-08-28T14:39:40Z
FC Twente,,search,2026-08-28T14:39:40Z
FC United of Manchester,161822,harvest,2026-08-28T12:52:02Z
FC Utrecht,,search,2026-08-28T14:39:40Z
FC Vlašim,,search,2026-08-28T14:39:40Z
FC Volendam,,search,2026-08-28T14:39:40Z
FCV Farul Constanța,210132,harvest,2026-08-28T12:52:02Z
FF Jaro,,search,2026-08-28T14:39:40Z
FK Crvena Zvezda,,search,2026-08-28T14:39:40Z
Falkirk,8596,harvest,2026-08-28T12:52:02Z
Famalicão,,search,2026-08-28T14:39:40Z
Farnborough,,search,2026-08-28T14:39:40Z
Farnham Town,674293,harvest,2026-08-28T12:52:02Z
Fatih Karagümrük,,search,2026-08-28T14:39:40Z
Fenerbahçe,,search,2026-08-28T14:39:40Z
Ferencváros,8222,harvest,2026-08-28T12:52:02Z
Feyenoord,10235,harvest,2026-08-28T12:52:02Z
Finn Harps,1627,harvest,2026-08-28T12:52:02Z
Fiorentina,,search,2026-08-28T14:39:40Z
Flackwell Heath,,search,2026-08-28T14:39:40Z
Fleetwood,45723,harvest,2026-08-28T12:52:02Z
Fleetwood Town,45723,harvest,2026-08-28T12:52:02Z
Fleetwood Town Academy,1668753,harvest,2026-08-28T12:52:02Z
Flint Town United,316297,harvest,2026-08-28T12:52:02Z
Flora Tallinn,,search,2026-08-28T14:39:40Z
Floriana,,search,2026-08-28T14:39:40Z
Floridsdorfer AC,,search,2026-08-28T14:39:40Z
Flower City Union,,search,2026-08-28T14:39:40Z
Foggia,,search,2026-08-28T14:39:40Z
Folkestone Invicta,6206,harvest,2026-08-28T12:52:02Z
Forest Green,,search,2026-08-28T14:39:40Z
Forest Green Rovers,,search,2026-08-28T14:39:40Z
Forfar Athletic,,search,2026-08-28T14:39:40Z
Forge FC,,search,2026-08-28T14:39:40Z
Formartine United,,search,2026-08-28T14:39:40Z
Forres Mechanics,,search,2026-08-28T14:39:40Z
Fort Wayne,,search,2026-08-28T14:39:40Z
Fortuna Düsseldorf,,search,2026-08-28T14:39:40Z
Fortuna Köln,,search,2026-08-28T14:39:40Z
Fortuna Sittard,,search,2026-08-28T14:39:40Z
Forward Madison FC,,search,2026-08-28T14:39:40Z
Francs Borains,96953,harvest,2026-08-28T12:52:02Z
Fraserburgh,,search,2026-08-28T14:39:40Z
Freiburg,8358,harvest,2026-08-28T12:52:02Z
Frome Town,,search,2026-08-28T14:39:40Z
Fulham,9879,harvest,2026-08-28T12:52:02Z
Fulham U21,860801,harvest,2026-08-28T12:52:02Z
Gainsborough,,search,2026-08-28T14:39:40Z
Gala Fairydean Rovers,,search,2026-08-28T14:39:40Z
Galatasaray,8637,harvest,2026-08-28T12:52:02Z
Galway United FC,520517,harvest,2026-08-28T12:52:02Z
Gamba Osaka,,search,2026-08-28T14:39:40Z
Gateshead FC,6189,harvest,2026-08-28T12:52:02Z
Gaziantep FK,4081,harvest,2026-08-28T12:52:02Z
Genk,,search,2026-08-28T14:39:40Z
Genoa,,search,2026-08-28T14:39:40Z
Gent,9991,harvest,2026-08-28T12:52:02Z
Gençlerbirliği,7800,harvest,2026-08-28T12:52:02Z
Georgia U21,,search,2026-08-28T14:39:40Z
Germany,,search,2026-08-28T14:39:40Z
Germany U21,,search,2026-08-28T14:39:40Z
Getafe,,search,2026-08-28T14:39:40Z
Gil Vicente,,search,2026-08-28T14:39:40Z
Gillingham,10173,harvest,2026-08-28T12:52:02Z
Giugliano,,search,2026-08-28T14:39:40Z
Glenavon,1956,harvest,2026-08-28T12:52:02Z
Glentoran,2203,harvest,2026-08-28T12:52:02Z
Go Ahead Eagles,,search,2026-08-28T14:39:40Z
Gosport Borough,,search,2026-08-28T14:39:40Z
Granada,,search,2026-08-28T14:39:40Z
Greece U21,,search,2026-08-28T14:39:40Z
Greenock Morton,,search,2026-08-28T14:39:40Z
Grenada,,search,2026-08-28T14:39:40Z
Grenoble,,search,2026-08-28T14:39:40Z
Greuther Fürth,,search,2026-08-28T14:39:40Z
Grimsby,10005,harvest,2026-08-28T12:52:02Z
Grimsby Town,10005,harvest,2026-08-28T12:52:02Z
Grindavik,8298,harvest,2026-08-28T12:52:02Z
Guinea,,search,2026-08-28T14:39:40Z
Guinea-Bissau,,search,2026-08-28T14:39:40Z
Guingamp,9747,harvest,2026-08-28T12:52:02Z
Guiseley,,search,2026-08-28T14:39:40Z
Györi ETO,5755,harvest,2026-08-28T12:52:02Z
Górnik Zabrze,,search,2026-08-28T14:39:40Z
Göztepe,1925,harvest,2026-08-28T12:52:02Z
HFX Wanderers FC,1022948,harvest,2026-08-28T12:52:02Z
HJK,9861,harvest,2026-08-28T12:52:02Z
Halesowen Town FC,,search,2026-08-28T14:39:40Z
HamKam,,search,2026-08-28T14:39:40Z
Hamarkameratene,,search,2026-08-28T14:39:40Z
Hamburger SV,,search,2026-08-28T14:39:40Z
Hamilton Academical,8429,harvest,2026-08-28T12:52:02Z
Hampton & Richmond,,search,2026-08-28T14:39:40Z
Hamrun Spartans,,search,2026-08-28T14:39:40Z
Hansa Rostock,,search,2026-08-28T14:39:40Z
Hanácká Slavia Kromeriz,,search,2026-08-28T14:39:40Z
Harborough Town FC,1382661,harvest,2026-08-28T12:52:02Z
Harland & Wolff Welders F.C.,206282,harvest,2026-08-28T12:52:02Z
Harrogate Town,7946,harvest,2026-08-28T12:52:02Z
Hartford Athletic,1003206,harvest,2026-08-28T12:52:02Z
Hartlepool United,8488,harvest,2026-08-28T12:52:02Z
Haverfordwest,2194,harvest,2026-08-28T12:52:02Z
Heart of Midlothian,9860,harvest,2026-08-28T12:52:02Z
Hearts,9860,harvest,2026-08-28T12:52:02Z
Hebburn Town,292923,harvest,2026-08-28T12:52:02Z
Hednesford,9923,harvest,2026-08-28T12:52:02Z
Hellas Verona,,search,2026-08-28T14:39:40Z
Helmond Sport,6417,harvest,2026-08-28T12:52:02Z
Hemel Hempstead,161831,harvest,2026-08-28T12:52:02Z
Heracles,,search,2026-08-28T14:39:40Z
Hereford,799249,harvest,2026-08-28T12:52:02Z
Hertha BSC,8177,harvest,2026-08-28T12:52:02Z
Hibernian,10251,harvest,2026-08-28T12:52:02Z
Hitchin Town,161838,harvest,2026-08-28T12:52:02Z
Hoffenheim,,search,2026-08-28T14:39:40Z
Hoffenheim II,94940,harvest,2026-08-28T12:52:02Z
Holstein Kiel,8150,harvest,2026-08-28T12:52:02Z
Hong Linh Ha Tinh,1123220,harvest,2026-08-28T12:52:02Z
Honka,,search,2026-08-28T14:39:40Z
Hornchurch,4047,harvest,2026-08-28T12:52:02Z
Horsham,105554,harvest,2026-08-28T12:52:02Z
Houston,8259,harvest,2026-08-28T12:52:02Z
Houston Dynamo FC,,search,2026-08-28T14:39:40Z
Huddersfield,9796,harvest,2026-08-28T12:52:02Z
Huddersfield Town,9796,harvest,2026-08-28T12:52:02Z
Hull,8667,harvest,2026-08-28T12:52:02Z
Hull City,8667,harvest,2026-08-28T12:52:02Z
Hungary,,search,2026-08-28T14:39:40Z
Huntly,,search,2026-08-28T14:39:40Z
Huntsville City FC,,search,2026-08-28T14:39:40Z
Hyde United,161802,harvest,2026-08-28T12:52:02Z
Häcken,,search,2026-08-28T14:39:40Z
IF Gnistan,,search,2026-08-28T14:39:40Z
IFK Mariehamn,,search,2026-08-28T14:39:40Z
Iberia 1999,,search,2026-08-28T14:39:40Z
Ilves,162146,harvest,2026-08-28T12:52:02Z
Indy Eleven,514649,harvest,2026-08-28T12:52:02Z
Ingolstadt,,search,2026-08-28T14:39:40Z
Inter,8636,harvest,2026-08-28T12:52:02Z
Inter Miami CF,,search,2026-08-28T14:39:40Z
Inter Miami CF II,,search,2026-08-28T14:39:40Z
Inter Toronto FC,,search,2026-08-28T14:39:40Z
Invergordon,,search,2026-08-28T14:39:40Z
Inverness,8066,harvest,2026-08-28T12:52:02Z
Inverness Caledonian Thistle,8066,harvest,2026-08-28T12:52:02Z
Inverurie Loco Works,1908,harvest,2026-08-28T12:52:02Z
Ipswich,9902,harvest,2026-08-28T12:52:02Z
Ipswich Town,9902,harvest,2026-08-28T12:52:02Z
Ipswich Town U18,1791531,harvest,2026-08-28T12:52:02Z
Ismaily SC,,search,2026-08-28T14:39:40Z
Jagiellonia Białystok,,search,2026-08-28T14:39:40Z
Jahn Regensburg,7789,harvest,2026-08-28T12:52:02Z
Jong FC Utrecht,,search,2026-08-28T14:39:40Z
Juventus,,search,2026-08-28T14:39:40Z
KF Shkendija,,search,2026-08-28T14:39:40Z
KFUM,2305,harvest,2026-08-28T12:52:02Z
KSC Lokeren,213307,harvest,2026-08-28T12:52:02Z
Kahrbaa Ismailia,,search,2026-08-28T14:39:40Z
Kairat Almaty,,search,2026-08-28T14:39:40Z
Kaiserslautern,8350,harvest,2026-08-28T12:52:02Z
Karlsruher SC,8295,harvest,2026-08-28T12:52:02Z
Kashima Antlers,,search,2026-08-28T14:39:40Z
Kasımpaşa,,search,2026-08-28T14:39:40Z
Kazakhstan U21,,search,2026-08-28T14:39:40Z
Keith,,search,2026-08-28T14:39:40Z
Kelty Hearts,,search,2026-08-28T14:39:40Z
Kerry FC,1426348,harvest,2026-08-28T12:52:02Z
Kettering Town FC,6647,harvest,2026-08-28T12:52:02Z
Kidderminster Harriers,10284,harvest,2026-08-28T12:52:02Z
Kilmarnock,8597,harvest,2026-08-28T12:52:02Z
King's Lynn Town,45731,harvest,2026-08-28T12:52:02Z
Kisvárda,,search,2026-08-28T14:39:40Z
Kocaelispor,,search,2026-08-28T14:39:40Z
Konyaspor,8622,harvest,2026-08-28T12:52:02Z
Kortrijk,,search,2026-08-28T14:39:40Z
Kristiansund,,search,2026-08-28T14:39:40Z
KuPS,1693,harvest,2026-08-28T12:52:02Z
LA Galaxy,,search,2026-08-28T14:39:40Z
LASK,9977,harvest,2026-08-28T12:52:02Z
La Nucía,,search,2026-08-28T14:39:40Z
Langley United,,search,2026-08-28T14:39:40Z
Larne,2206,harvest,2026-08-28T12:52:02Z
Larne U19,1808602,harvest,2026-08-28T12:52:02Z
Las Palmas,,search,2026-08-28T14:39:40Z
Las Vegas Lights FC,915809,harvest,2026-08-28T12:52:02Z
Latvia U21,,search,2026-08-28T14:39:40Z
Lazio,8543,harvest,2026-08-28T12:52:02Z
Le Havre,,search,2026-08-28T14:39:40Z
Le Mans,,search,2026-08-28T14:39:40Z
Leamington,5764,harvest,2026-08-28T12:52:02Z
Lecce,9888,harvest,2026-08-28T12:52:02Z
Lech Poznań,,search,2026-08-28T14:39:40Z
Leeds,8463,harvest,2026-08-28T12:52:02Z
Leeds United,8463,harvest,2026-08-28T12:52:02Z
Leeds United U21,1177187,harvest,2026-08-28T12:52:02Z
Legia Warszawa,,search,2026-08-28T14:39:40Z
Leicester,8197,harvest,2026-08-28T12:52:02Z
Leicester City,8197,harvest,2026-08-28T12:52:02Z
Leicester City U21,773642,harvest,2026-08-28T12:52:02Z
Leighton Town,,search,2026-08-28T14:39:40Z
Lens,8588,harvest,2026-08-28T12:52:02Z
Levante,8581,harvest,2026-08-28T12:52:02Z
Levski Sofia,8632,harvest,2026-08-28T12:52:02Z
Lexington SC,1430405,harvest,2026-08-28T12:52:02Z
Leyton Orient,8351,harvest,2026-08-28T12:52:02Z
Lille,8639,harvest,2026-08-28T12:52:02Z
Lillestrøm,,search,2026-08-28T14:39:40Z
Limavady,2205,harvest,2026-08-28T12:52:02Z
Limerick,2375,harvest,2026-08-28T12:52:02Z
Lincoln,8430,harvest,2026-08-28T12:52:02Z
Lincoln City,8430,harvest,2026-08-28T12:52:02Z
Lincoln Red Imps FC,545012,harvest,2026-08-28T12:52:02Z
Linfield,7971,harvest,2026-08-28T12:52:02Z
Linlithgow Rose,,search,2026-08-28T14:39:40Z
Lion City Sailors FC,,search,2026-08-28T14:39:40Z
Liverpool,8650,harvest,2026-08-28T12:52:02Z
Livingston,8282,harvest,2026-08-28T12:52:02Z
Llandudno FC,,search,2026-08-28T14:39:40Z
Lokomotiv Plovdiv,,search,2026-08-28T14:39:40Z
Lommel,6702,harvest,2026-08-28T12:52:02Z
Longford Town,4569,harvest,2026-08-28T12:52:02Z
Lorient,,search,2026-08-28T14:39:40Z
Los Angeles FC,,search,2026-08-28T14:39:40Z
Lossiemouth,,search,2026-08-28T14:39:40Z
Loudoun United FC,,search,2026-08-28T14:39:40Z
Loughgall,2207,harvest,2026-08-28T12:52:02Z
Louisville City FC,614316,harvest,2026-08-28T12:52:02Z
Ludogorets Razgrad,,search,2026-08-28T14:39:40Z
Luton,8346,harvest,2026-08-28T12:52:02Z
Luton Town,8346,harvest,2026-08-28T12:52:02Z
Luxembourg,,search,2026-08-28T14:39:40Z
Lyon,,search,2026-08-28T14:39:40Z
MFK Chrudim,,search,2026-08-28T14:39:40Z
MK Dons,8645,harvest,2026-08-28T12:52:02Z
MSV Duisburg,,search,2026-08-28T14:39:40Z
MTK Budapest,,search,2026-08-28T14:39:40Z
MYPA,,search,2026-08-28T14:39:40Z
Macarthur FC,,search,2026-08-28T14:39:40Z
Macclesfield,,search,2026-08-28T17:37:43Z
Macclesfield FC,8599,harvest,2026-08-28T12:52:02Z
Magdeburg,8188,harvest,2026-08-28T12:52:02Z
Maidenhead United,,search,2026-08-28T14:39:40Z
Maidstone United,8131,harvest,2026-08-28T12:52:02Z
Mainz 05,,search,2026-08-28T14:39:40Z
Maldon & Tiptree,282501,harvest,2026-08-28T12:52:02Z
Malisheva,,search,2026-08-28T14:39:40Z
Mallorca B,,search,2026-08-28T14:39:40Z
Malta U21,,search,2026-08-28T14:39:40Z
Man City,,search,2026-08-28T14:39:40Z
Man United,10260,harvest,2026-08-28T12:52:02Z
Man United U18,1113551,harvest,2026-08-28T12:52:02Z
Manchester City,,search,2026-08-28T14:39:40Z
Manchester City U21,860800,harvest,2026-08-28T12:52:02Z
Manchester United,10260,harvest,2026-08-28T12:52:02Z
Manchester United U21,1070257,harvest,2026-08-28T12:52:02Z
Mansfield,9818,harvest,2026-08-28T12:52:02Z
Mansfield Town,9818,harvest,2026-08-28T12:52:02Z
Mantova,9889,harvest,2026-08-28T12:52:02Z
Maribor,8340,harvest,2026-08-28T12:52:02Z
Marine,,search,2026-08-28T14:39:40Z
Marseille,8592,harvest,2026-08-28T12:52:02Z
Melbourne City FC,,search,2026-08-28T14:39:40Z
Melbourne Victory,,search,2026-08-28T14:39:40Z
Merthyr Town,5762,harvest,2026-08-28T12:52:02Z
Middlesbrough,8549,harvest,2026-08-28T12:52:02Z
Middlesbrough U18,1113557,harvest,2026-08-28T12:52:02Z
Middlesbrough U21,773660,harvest,2026-08-28T12:52:02Z
Midsund,4353,harvest,2026-08-28T12:52:02Z
Millwall,10004,harvest,2026-08-28T12:52:02Z
Milton Keynes Dons,8645,harvest,2026-08-28T12:52:02Z
Molde,9917,harvest,2026-08-28T12:52:02Z
Monaco U19,585094,harvest,2026-08-28T12:52:02Z
Monterey Bay FC,915808,harvest,2026-08-28T12:52:02Z
Montreal,161195,harvest,2026-08-28T12:52:02Z
Montrose,8257,harvest,2026-08-28T12:52:02Z
Monza,6504,harvest,2026-08-28T12:52:02Z
Morecambe,8489,harvest,2026-08-28T12:52:02Z
Motherwell,9927,harvest,2026-08-28T12:52:02Z
Mura,2172,harvest,2026-08-28T12:52:02Z
Málaga,9864,harvest,2026-08-28T12:52:02Z
NEC Nijmegen,8464,harvest,2026-08-28T12:52:02Z
Nafta,2420,harvest,2026-08-28T12:52:02Z
Napoli,9875,harvest,2026-08-28T12:52:02Z
Nashville SC,915807,harvest,2026-08-28T12:52:02Z
New England,,search,2026-08-28T17:37:43Z
New England Revolution,6580,harvest,2026-08-28T12:52:02Z
New Mexico United,1003208,harvest,2026-08-28T12:52:02Z
New York City FC,546238,harvest,2026-08-28T12:52:02Z
Newcastle,10261,harvest,2026-08-28T12:52:02Z
Newcastle Jets,6454,harvest,2026-08-28T12:52:02Z
Newcastle United,10261,harvest,2026-08-28T12:52:02Z
Newcastle United U21,860798,harvest,2026-08-28T12:52:02Z
Newport,10262,harvest,2026-08-28T12:52:02Z
Newport County,10262,harvest,2026-08-28T12:52:02Z
Northampton,8651,harvest,2026-08-28T12:52:02Z
Northampton Town,8651,harvest,2026-08-28T12:52:02Z
Norwich,9850,harvest,2026-08-28T12:52:02Z
Norwich City,9850,harvest,2026-08-28T12:52:02Z
Norwich City U18,1113570,harvest,2026-08-28T12:52:02Z
Norwich City U21,773658,harvest,2026-08-28T12:52:02Z
Nottingham Forest U21,1389162,harvest,2026-08-28T12:52:02Z
Notts County,9819,harvest,2026-08-28T12:52:02Z
Oldham,9785,harvest,2026-08-28T12:52:02Z
Oldham Athletic,9785,harvest,2026-08-28T12:52:02Z
Orange County SC,267813,harvest,2026-08-28T12:52:02Z
Oxford United,8653,harvest,2026-08-28T12:52:02Z
Oxford Utd,8653,harvest,2026-08-28T12:52:02Z
Partick Thistle,8426,harvest,2026-08-28T12:52:02Z
Peterborough,8677,harvest,2026-08-28T12:52:02Z
Peterborough United,8677,harvest,2026-08-28T12:52:02Z
Peterhead,8158,harvest,2026-08-28T12:52:02Z
Peña Dep. Santa Eulalia,8210,harvest,2026-08-28T12:52:02Z
Philadelphia Union,191716,harvest,2026-08-28T12:52:02Z
Phoenix Rising FC,424268,harvest,2026-08-28T12:52:02Z
Pike Rovers,264047,harvest,2026-08-28T12:52:02Z
Plymouth,8401,harvest,2026-08-28T12:52:02Z
Plymouth Argyle,8401,harvest,2026-08-28T12:52:02Z
Port Vale,9799,harvest,2026-08-28T12:52:02Z
Portadown,7984,harvest,2026-08-28T12:52:02Z
Portland,,search,2026-08-28T17:37:43Z
Portland Timbers,307690,harvest,2026-08-28T12:52:02Z
Portsmouth,8462,harvest,2026-08-28T12:52:02Z
Potenza,6099,harvest,2026-08-28T12:52:02Z
Preston,8411,harvest,2026-08-28T12:52:02Z
Preston North End,8411,harvest,2026-08-28T12:52:02Z
Preston North End U23,584579,harvest,2026-08-28T12:52:02Z
Preussen Münster,8171,harvest,2026-08-28T12:52:02Z
Puskás FC Academy,355346,harvest,2026-08-28T12:52:02Z
QPR,10172,harvest,2026-08-28T12:52:02Z
Queen of the South,9924,harvest,2026-08-28T12:52:02Z
Queen's Park,8235,harvest,2026-08-28T12:52:02Z
Queens Park Rangers,10172,harvest,2026-08-28T12:52:02Z
RB Leipzig,178475,harvest,2026-08-28T12:52:02Z
Radcliffe,282390,harvest,2026-08-28T12:52:02Z
Raith Rovers,10250,harvest,2026-08-28T12:52:02Z
Rangers,8548,harvest,2026-08-28T12:52:02Z
Rapid Wien,10015,harvest,2026-08-28T12:52:02Z
Reading,9798,harvest,2026-08-28T12:52:02Z
Reading U21,773686,harvest,2026-08-28T12:52:02Z
Real Betis,8603,harvest,2026-08-28T12:52:02Z
Real Madrid,8633,harvest,2026-08-28T12:52:02Z
Red Star,6390,harvest,2026-08-28T12:52:02Z
Redcar Athletic,1804164,harvest,2026-08-28T12:52:02Z
Reims,9837,harvest,2026-08-28T12:52:02Z
Rochdale,8493,harvest,2026-08-28T12:52:02Z
Roma,8686,harvest,2026-08-28T12:52:02Z
Ross County,8649,harvest,2026-08-28T12:52:02Z
Rotherham,8119,harvest,2026-08-28T12:52:02Z
Rotherham United,8119,harvest,2026-08-28T12:52:02Z
Rushall Olympic,274600,harvest,2026-08-28T12:52:02Z
SJK,162162,harvest,2026-08-28T12:52:02Z
SK Dynamo České Budějovice,7840,harvest,2026-08-28T12:52:02Z
Sacramento Republic FC,521004,harvest,2026-08-28T12:52:02Z
Salford,282326,harvest,2026-08-28T12:52:02Z
Salford City,282326,harvest,2026-08-28T12:52:02Z
Salisbury,1114695,harvest,2026-08-28T12:52:02Z
San Jose,6603,harvest,2026-08-28T12:52:02Z
Scarborough Athletic,580382,harvest,2026-08-28T12:52:02Z
Scunthorpe,8412,harvest,2026-08-28T12:52:02Z
Scunthorpe United,8412,harvest,2026-08-28T12:52:02Z
Sepsi OSK,583706,harvest,2026-08-28T12:52:02Z
Shamrock Rovers,4131,harvest,2026-08-28T12:52:02Z
Sheff Utd,8657,harvest,2026-08-28T12:52:02Z
Sheff Wed,10163,harvest,2026-08-28T12:52:02Z
Sheffield United,8657,harvest,2026-08-28T12:52:02Z
Sheffield Wednesday,10163,harvest,2026-08-28T12:52:02Z
Shelbourne,5751,harvest,2026-08-28T12:52:02Z
Shelbourne U19,612860,harvest,2026-08-28T12:52:02Z
Shrewsbury,9896,harvest,2026-08-28T12:52:02Z
Shrewsbury Town,9896,harvest,2026-08-28T12:52:02Z
Slavia Sofia,10134,harvest,2026-08-28T12:52:02Z
Sligo Rovers,6361,harvest,2026-08-28T12:52:02Z
Slough Town,6432,harvest,2026-08-28T12:52:02Z
Slovan Bratislava,6019,harvest,2026-08-28T12:52:02Z
Solihull Moors,161801,harvest,2026-08-28T12:52:02Z
Sonnenhof Großaspach,94941,harvest,2026-08-28T12:52:02Z
South Shields,865163,harvest,2026-08-28T12:52:02Z
Southampton,8466,harvest,2026-08-28T12:52:02Z
Southampton U18,1113567,harvest,2026-08-28T12:52:02Z
Southampton U21,773645,harvest,2026-08-28T12:52:02Z
Southend,8652,harvest,2026-08-28T12:52:02Z
Southend United,8652,harvest,2026-08-28T12:52:02Z
Southport,10197,harvest,2026-08-28T12:52:02Z
Spalding United,580400,harvest,2026-08-28T12:52:02Z
Spartak Varna,10145,harvest,2026-08-28T12:52:02Z
Spartans FC,6661,harvest,2026-08-28T12:52:02Z
Spennymoor Town FC,557101,harvest,2026-08-28T12:52:02Z
Sporting Hasselt,2263,harvest,2026-08-28T12:52:02Z
Sporting JAX,1737991,harvest,2026-08-28T12:52:02Z
St Mochta's,532490,harvest,2026-08-28T12:52:02Z
St. Johnstone,8467,harvest,2026-08-28T12:52:02Z
St. Mirren,9800,harvest,2026-08-28T12:52:02Z
St. Mirren B,1273057,harvest,2026-08-28T12:52:02Z
St. Patrick's Athletic,1854,harvest,2026-08-28T12:52:02Z
St. Pauli,8152,harvest,2026-08-28T12:52:02Z
Stenhousemuir,8143,harvest,2026-08-28T12:52:02Z
Stevenage,10253,harvest,2026-08-28T12:52:02Z
Stirling Albion,8141,harvest,2026-08-28T12:52:02Z
Stockport County,10007,harvest,2026-08-28T12:52:02Z
Stoke,10194,harvest,2026-08-28T12:52:02Z
Stoke City,10194,harvest,2026-08-28T12:52:02Z
Stoke City U21,773650,harvest,2026-08-28T12:52:02Z
Stourbridge,161834,harvest,2026-08-28T12:52:02Z
Strabane Athletic,1591693,harvest,2026-08-28T12:52:02Z
Strasbourg,9848,harvest,2026-08-28T12:52:02Z
Strathspey Thistle,575415,harvest,2026-08-28T12:52:02Z
Sunderland,8472,harvest,2026-08-28T12:52:02Z
Sunderland U21,773657,harvest,2026-08-28T12:52:02Z
Supra du Québec,1899648,harvest,2026-08-28T12:52:02Z
Sutton United,158316,harvest,2026-08-28T12:52:02Z
Swansea,10003,harvest,2026-08-28T12:52:02Z
Swansea City,10003,harvest,2026-08-28T12:52:02Z
Swindon,9795,harvest,2026-08-28T12:52:02Z
Swindon Town,9795,harvest,2026-08-28T12:52:02Z
TSV Aubstadt,340719,harvest,2026-08-28T12:52:02Z
TSV Havelse,89338,harvest,2026-08-28T12:52:02Z
Tamworth,10254,harvest,2026-08-28T12:52:02Z
Taunton Town,282502,harvest,2026-08-28T12:52:02Z
Ternana,6457,harvest,2026-08-28T12:52:02Z
The New Saints,7852,harvest,2026-08-28T12:52:02Z
Thróttur Reykjavík,4661,harvest,2026-08-28T12:52:02Z
Toluca,6618,harvest,2026-08-28T12:52:02Z
Toronto FC,56453,harvest,2026-08-28T12:52:02Z
Torquay United,10193,harvest,2026-08-28T12:52:02Z
Tottenham Hotspur,8586,harvest,2026-08-28T12:52:02Z
Tottenham Hotspur U21,860802,harvest,2026-08-28T12:52:02Z
Tottenham U18,1113562,harvest,2026-08-28T12:52:02Z
Trabzonspor,9752,harvest,2026-08-28T12:52:02Z
Tranmere,8313,harvest,2026-08-28T12:52:02Z
Tranmere Rovers,8313,harvest,2026-08-28T12:52:02Z
Treaty United,1233534,harvest,2026-08-28T12:52:02Z
Troyes,10242,harvest,2026-08-28T12:52:02Z
Truro City,177067,harvest,2026-08-28T12:52:02Z
Turriff United,351621,harvest,2026-08-28T12:52:02Z
UCD,1578,harvest,2026-08-28T12:52:02Z
Udinese,8600,harvest,2026-08-28T12:52:02Z
VVV-Venlo,9839,harvest,2026-08-28T12:52:02Z
Valencia,10267,harvest,2026-08-28T12:52:02Z
Vancouver FC,1436202,harvest,2026-08-28T12:52:02Z
Venezia,7881,harvest,2026-08-28T12:52:02Z
VfB Eichstätt,340732,harvest,2026-08-28T12:52:02Z
Viettel,743070,harvest,2026-08-28T12:52:02Z
Viking,8478,harvest,2026-08-28T12:52:02Z
Viktoria Köln 1904,276267,harvest,2026-08-28T12:52:02Z
Virton,8174,harvest,2026-08-28T12:52:02Z
Voitsberg,4015,harvest,2026-08-28T12:52:02Z
Vålerenga,8007,harvest,2026-08-28T12:52:02Z
Waldhof Mannheim,9743,harvest,2026-08-28T12:52:02Z
Walsall,10006,harvest,2026-08-28T12:52:02Z
Walton and Hersham,6093,harvest,2026-08-28T12:52:02Z
Warrington Rylands,1186092,harvest,2026-08-28T12:52:02Z
Waterford FC,6042,harvest,2026-08-28T12:52:02Z
Watford,9817,harvest,2026-08-28T12:52:02Z
Wealdstone,161812,harvest,2026-08-28T12:52:02Z
West Brom,8659,harvest,2026-08-28T12:52:02Z
West Bromwich Albion,8659,harvest,2026-08-28T12:52:02Z
West Bromwich Albion U21,773656,harvest,2026-08-28T12:52:02Z
West Ham,8654,harvest,2026-08-28T12:52:02Z
West Ham United,8654,harvest,2026-08-28T12:52:02Z
West Ham United U21,773649,harvest,2026-08-28T12:52:02Z
Weston Super Mare,6314,harvest,2026-08-28T12:52:02Z
Wexford FC,62337,harvest,2026-08-28T12:52:02Z
Whitby,6195,harvest,2026-08-28T12:52:02Z
Whitehawk,282373,harvest,2026-08-28T12:52:02Z
Wigan,8528,harvest,2026-08-28T12:52:02Z
Wigan Athletic,8528,harvest,2026-08-28T12:52:02Z
Wimbledon,158319,harvest,2026-08-28T12:52:02Z
Woking,8345,harvest,2026-08-28T12:52:02Z
Wolverhampton Wanderers,8602,harvest,2026-08-28T12:52:02Z
Wolverhampton Wanderers U21,773683,harvest,2026-08-28T12:52:02Z
Wolves,8602,harvest,2026-08-28T12:52:02Z
Worcester,6292,harvest,2026-08-28T12:52:02Z
Worksop Town,9894,harvest,2026-08-28T12:52:02Z
Worthing,282351,harvest,2026-08-28T12:52:02Z
Wrexham,9841,harvest,2026-08-28T12:52:02Z
Wycombe,8676,harvest,2026-08-28T12:52:02Z
Wycombe Wanderers,8676,harvest,2026-08-28T12:52:02Z
Yate Town,161839,harvest,2026-08-28T12:52:02Z
York City,9916,harvest,2026-08-28T12:52:02Z
Ægir,559291,harvest,2026-08-28T12:52:02Z
Újpest,8043,harvest,2026-08-28T12:52:02Z
