match_id,team,player,player_id,role,shirt,position
2026-08-24-newcastle-united-u21-v-tottenham-hotspur-u21,Newcastle United U21,Afner Cá,2146876,bench,18,
2026-08-24-newcastle-united-u21-v-tottenham-hotspur-u21,Newcastle United U21,Fraser Harper,1553128,bench,15,
2026-08-24-newcastle-united-u21-v-tottenham-hotspur-u21,Newcastle United U21,Jake Durrant,1800619,bench,14,
2026-08-24-newcastle-united-u21-v-tottenham-hotspur-u21,Newcastle United U21,Luke Craggs,1428136,bench,12,
2026-08-24-newcastle-united-u21-v-tottenham-hotspur-u21,Newcastle United U21,Michael Mills,1693396,bench,17,
2026-08-24-newcastle-united-u21-v-tottenham-hotspur-u21,Newcastle United U21,Park Seung-Soo,1656881,bench,16,
2026-08-24-newcastle-united-u21-v-tottenham-hotspur-u21,Newcastle United U21,Tyler Jones,1683911,bench,13,
2026-08-24-newcastle-united-u21-v-tottenham-hotspur-u21,Newcastle United U21,Dylan Charlton,1344589,start,3,
2026-08-24-newcastle-united-u21-v-tottenham-hotspur-u21,Newcastle United U21,George Mair,1843848,start,1,
2026-08-24-newcastle-united-u21-v-tottenham-hotspur-u21,Newcastle United U21,Henry Johnson,1712362,start,5,
2026-08-24-newcastle-united-u21-v-tottenham-hotspur-u21,Newcastle United U21,Mason Miley,1867092,start,2,
2026-08-24-newcastle-united-u21-v-tottenham-hotspur-u21,Newcastle United U21,Matheos Ferreira,1531976,start,7,
2026-08-24-newcastle-united-u21-v-tottenham-hotspur-u21,Newcastle United U21,Miodrag Pivas,1655958,start,4,
2026-08-24-newcastle-united-u21-v-tottenham-hotspur-u21,Newcastle United U21,Rory Finneran,1593438,start,8,
2026-08-24-newcastle-united-u21-v-tottenham-hotspur-u21,Newcastle United U21,Scott Bailey,1436323,start,6,
2026-08-24-newcastle-united-u21-v-tottenham-hotspur-u21,Newcastle United U21,Sean Neave,1443841,start,10,
2026-08-24-newcastle-united-u21-v-tottenham-hotspur-u21,Newcastle United U21,Trevan Sanusi,1474503,start,11,
2026-08-24-newcastle-united-u21-v-tottenham-hotspur-u21,Newcastle United U21,Vakhtang Salia,1622265,start,9,
2026-08-24-newcastle-united-u21-v-tottenham-hotspur-u21,Tottenham Hotspur U21,Dylan Thompson,1845148,bench,13,
2026-08-24-newcastle-united-u21-v-tottenham-hotspur-u21,Tottenham Hotspur U21,Elisha Sowunmi,1595988,bench,15,
2026-08-24-newcastle-united-u21-v-tottenham-hotspur-u21,Tottenham Hotspur U21,Luca Furnell-Gill,1700298,bench,14,
2026-08-24-newcastle-united-u21-v-tottenham-hotspur-u21,Tottenham Hotspur U21,Max McFadden,1396742,bench,17,
2026-08-24-newcastle-united-u21-v-tottenham-hotspur-u21,Tottenham Hotspur U21,Maxwell Adedeji,1712364,bench,12,
2026-08-24-newcastle-united-u21-v-tottenham-hotspur-u21,Tottenham Hotspur U21,Ronny Moncur,1675380,bench,16,
2026-08-24-newcastle-united-u21-v-tottenham-hotspur-u21,Tottenham Hotspur U21,Alfie Dorrington,1334829,start,5,
2026-08-24-newcastle-united-u21-v-tottenham-hotspur-u21,Tottenham Hotspur U21,Damola Ajayi,1400214,start,10,
2026-08-24-newcastle-united-u21-v-tottenham-hotspur-u21,Tottenham Hotspur U21,Ellis Lehane,1553102,start,11,
2026-08-24-newcastle-united-u21-v-tottenham-hotspur-u21,Tottenham Hotspur U21,George Feeney,1560821,start,3,
2026-08-24-newcastle-united-u21-v-tottenham-hotspur-u21,Tottenham Hotspur U21,Harry Byrne,1819950,start,6,
2026-08-24-newcastle-united-u21-v-tottenham-hotspur-u21,Tottenham Hotspur U21,James Rowswell,1531854,start,2,
2026-08-24-newcastle-united-u21-v-tottenham-hotspur-u21,Tottenham Hotspur U21,Malachi Hardy,1669939,start,4,
2026-08-24-newcastle-united-u21-v-tottenham-hotspur-u21,Tottenham Hotspur U21,Miracle Adewole,1635771,start,7,
2026-08-24-newcastle-united-u21-v-tottenham-hotspur-u21,Tottenham Hotspur U21,Reiss Elliot-Parris,1690902,start,9,
2026-08-24-newcastle-united-u21-v-tottenham-hotspur-u21,Tottenham Hotspur U21,Samual Archer,1691409,start,1,
2026-08-24-newcastle-united-u21-v-tottenham-hotspur-u21,Tottenham Hotspur U21,Tyrese Hall,1448041,start,8,
2026-08-26-aek-athens-v-levski-sofia,AEK Athens,Alberto Brignoli,299879,bench,91,
2026-08-26-aek-athens-v-levski-sofia,AEK Athens,Dereck Kutesa,617396,bench,7,
2026-08-26-aek-athens-v-levski-sofia,AEK Athens,Dimitrios Kaloskamis,1412199,bench,17,
2026-08-26-aek-athens-v-levski-sofia,AEK Athens,Domagoj Vida,115180,bench,21,
2026-08-26-aek-athens-v-levski-sofia,AEK Athens,Kervin Arriaga,839750,bench,16,
2026-08-26-aek-athens-v-levski-sofia,AEK Athens,Marios Balamotis,1798250,bench,41,
2026-08-26-aek-athens-v-levski-sofia,AEK Athens,Martin Georgiev,1295674,bench,15,
2026-08-26-aek-athens-v-levski-sofia,AEK Athens,Mijat Gacinovic,448859,bench,8,
2026-08-26-aek-athens-v-levski-sofia,AEK Athens,Oleksandr Zubkov,655636,bench,10,
2026-08-26-aek-athens-v-levski-sofia,AEK Athens,Petros Mantalos,184639,bench,20,
2026-08-26-aek-athens-v-levski-sofia,AEK Athens,Zine,1106943,bench,90,
2026-08-26-aek-athens-v-levski-sofia,AEK Athens,Aboubakary Koïta,725695,start,11,
2026-08-26-aek-athens-v-levski-sofia,AEK Athens,Barnabás Varga,796504,start,25,
2026-08-26-aek-athens-v-levski-sofia,AEK Athens,Filipe Relvas,1285815,start,44,
2026-08-26-aek-athens-v-levski-sofia,AEK Athens,Harold Moukoudi,637737,start,2,
2026-08-26-aek-athens-v-levski-sofia,AEK Athens,Kaan Kairinen,547454,start,6,
2026-08-26-aek-athens-v-levski-sofia,AEK Athens,Lazaros Rota,949866,start,12,
2026-08-26-aek-athens-v-levski-sofia,AEK Athens,Lovro Majer,762721,start,14,
2026-08-26-aek-athens-v-levski-sofia,AEK Athens,Luka Jovic,463291,start,9,
2026-08-26-aek-athens-v-levski-sofia,AEK Athens,Razvan Marin,574844,start,18,
2026-08-26-aek-athens-v-levski-sofia,AEK Athens,Stavros Pilios,1015750,start,3,
2026-08-26-aek-athens-v-levski-sofia,AEK Athens,Thomas Strakosha,403049,start,1,
2026-08-26-aek-athens-v-levski-sofia,Levski Sofia,Adrian Raychev,1609196,bench,77,
2026-08-26-aek-athens-v-levski-sofia,Levski Sofia,Asen Mitkov,1258101,bench,10,
2026-08-26-aek-athens-v-levski-sofia,Levski Sofia,Christian Makoun,839088,bench,4,
2026-08-26-aek-athens-v-levski-sofia,Levski Sofia,David Kusso,1667974,bench,27,
2026-08-26-aek-athens-v-levski-sofia,Levski Sofia,Gasper Trdin,1251029,bench,18,
2026-08-26-aek-athens-v-levski-sofia,Levski Sofia,Hevertton Santos,1356431,bench,2,
2026-08-26-aek-athens-v-levski-sofia,Levski Sofia,Juan Perea,1435399,bench,9,
2026-08-26-aek-athens-v-levski-sofia,Levski Sofia,Martin Lukov,765617,bench,78,
2026-08-26-aek-athens-v-levski-sofia,Levski Sofia,Mazire Soula,842427,bench,22,
2026-08-26-aek-athens-v-levski-sofia,Levski Sofia,Ognyan Vladimirov,1664527,bench,1,
2026-08-26-aek-athens-v-levski-sofia,Levski Sofia,Stivan Stoyanchov,1799656,bench,28,
2026-08-26-aek-athens-v-levski-sofia,Levski Sofia,Aldair,1355723,start,21,
2026-08-26-aek-athens-v-levski-sofia,Levski Sofia,Armstrong Oko-Flex,1023017,start,11,
2026-08-26-aek-athens-v-levski-sofia,Levski Sofia,Everton Bala,1344892,start,17,
2026-08-26-aek-athens-v-levski-sofia,Levski Sofia,Kristian Dimitrov,702896,start,50,
2026-08-26-aek-athens-v-levski-sofia,Levski Sofia,Maicon,1614747,start,3,
2026-08-26-aek-athens-v-levski-sofia,Levski Sofia,Mehdi Moubarik,1398949,start,19,
2026-08-26-aek-athens-v-levski-sofia,Levski Sofia,Nikola Serafimov,948623,start,31,
2026-08-26-aek-athens-v-levski-sofia,Levski Sofia,Reinaldo,1174631,start,7,
2026-08-26-aek-athens-v-levski-sofia,Levski Sofia,Svetoslav Vutsov,1037768,start,92,
2026-08-26-aek-athens-v-levski-sofia,Levski Sofia,Sérginho,1355837,start,35,
2026-08-26-aek-athens-v-levski-sofia,Levski Sofia,Álex Centelles,895951,start,20,
2026-08-26-newcastle-united-v-west-bromwich-albion,Newcastle United,Aladji Bamba,1695681,bench,8,
2026-08-26-newcastle-united-v-west-bromwich-albion,Newcastle United,Anthony Elanga,1050166,bench,19,
2026-08-26-newcastle-united-v-west-bromwich-albion,Newcastle United,Fabian Schär,189982,bench,5,
2026-08-26-newcastle-united-v-west-bromwich-albion,Newcastle United,Harvey Barnes,760359,bench,11,
2026-08-26-newcastle-united-v-west-bromwich-albion,Newcastle United,Leo Shahar,1414761,bench,51,
2026-08-26-newcastle-united-v-west-bromwich-albion,Newcastle United,Lewis Miley,1296763,bench,67,
2026-08-26-newcastle-united-v-west-bromwich-albion,Newcastle United,Lukás Hornícek,1186978,bench,21,
2026-08-26-newcastle-united-v-west-bromwich-albion,Newcastle United,Sean Neave,1443841,bench,62,
2026-08-26-newcastle-united-v-west-bromwich-albion,Newcastle United,Yoane Wissa,666857,bench,9,
2026-08-26-newcastle-united-v-west-bromwich-albion,Newcastle United,Amar Dedic,958010,start,37,
2026-08-26-newcastle-united-v-west-bromwich-albion,Newcastle United,Bazoumana Touré,1624586,start,17,
2026-08-26-newcastle-united-v-west-bromwich-albion,Newcastle United,Ewen Jaouen,1438570,start,24,
2026-08-26-newcastle-united-v-west-bromwich-albion,Newcastle United,Jacob Murphy,521148,start,23,
2026-08-26-newcastle-united-v-west-bromwich-albion,Newcastle United,Jacob Ramsey,1021929,start,41,
2026-08-26-newcastle-united-v-west-bromwich-albion,Newcastle United,Joseph Willock,860975,start,28,
2026-08-26-newcastle-united-v-west-bromwich-albion,Newcastle United,Lewis Hall,1197655,start,3,
2026-08-26-newcastle-united-v-west-bromwich-albion,Newcastle United,Malick Thiaw,1137407,start,12,
2026-08-26-newcastle-united-v-west-bromwich-albion,Newcastle United,Nick Woltemade,1106563,start,27,
2026-08-26-newcastle-united-v-west-bromwich-albion,Newcastle United,Sean Steur,1643770,start,14,
2026-08-26-newcastle-united-v-west-bromwich-albion,Newcastle United,Sven Botman,956682,start,4,
2026-08-26-newcastle-united-v-west-bromwich-albion,West Bromwich Albion,Callum Styles,748856,bench,4,
2026-08-26-newcastle-united-v-west-bromwich-albion,West Bromwich Albion,Felix Horn Myhre,632885,bench,7,
2026-08-26-newcastle-united-v-west-bromwich-albion,West Bromwich Albion,Jayson Molumby,789574,bench,8,
2026-08-26-newcastle-united-v-west-bromwich-albion,West Bromwich Albion,Matthew Crowther,1692317,bench,35,
2026-08-26-newcastle-united-v-west-bromwich-albion,West Bromwich Albion,Max O'Leary,496732,bench,1,
2026-08-26-newcastle-united-v-west-bromwich-albion,West Bromwich Albion,Nathaniel Phillips,948567,bench,3,
2026-08-26-newcastle-united-v-west-bromwich-albion,West Bromwich Albion,Nolan Galves,1473605,bench,25,
2026-08-26-newcastle-united-v-west-bromwich-albion,West Bromwich Albion,Oliver Bostock,1467048,bench,37,
2026-08-26-newcastle-united-v-west-bromwich-albion,West Bromwich Albion,Tammer Bany Odeh,1214556,bench,26,
2026-08-26-newcastle-united-v-west-bromwich-albion,West Bromwich Albion,Alex Williams,1209408,start,28,
2026-08-26-newcastle-united-v-west-bromwich-albion,West Bromwich Albion,Barney Stewart,1705068,start,9,
2026-08-26-newcastle-united-v-west-bromwich-albion,West Bromwich Albion,Chris Mepham,819762,start,2,
2026-08-26-newcastle-united-v-west-bromwich-albion,West Bromwich Albion,Conor Townsend,295069,start,22,
2026-08-26-newcastle-united-v-west-bromwich-albion,West Bromwich Albion,George Campbell,1047586,start,6,
2026-08-26-newcastle-united-v-west-bromwich-albion,West Bromwich Albion,Harry Whitwell,1360349,start,29,
2026-08-26-newcastle-united-v-west-bromwich-albion,West Bromwich Albion,Isaac Price,1246270,start,21,
2026-08-26-newcastle-united-v-west-bromwich-albion,West Bromwich Albion,Jimmy-Jay Morgan,1296772,start,11,
2026-08-26-newcastle-united-v-west-bromwich-albion,West Bromwich Albion,Matt Ingram,215785,start,13,
2026-08-26-newcastle-united-v-west-bromwich-albion,West Bromwich Albion,Ousmane Diakité,951953,start,17,
2026-08-26-newcastle-united-v-west-bromwich-albion,West Bromwich Albion,Rabby Nzingoula,1609064,start,20,
2026-08-26-preston-north-end-v-everton,Everton,Adam Aznou,1573563,bench,39,
2026-08-26-preston-north-end-v-everton,Everton,Beto,1079485,bench,9,
2026-08-26-preston-north-end-v-everton,Everton,Brennan Johnson,1076756,bench,22,
2026-08-26-preston-north-end-v-everton,Everton,Charly Alcaraz,1128965,bench,24,
2026-08-26-preston-north-end-v-everton,Everton,Harvey Foster,1645644,bench,81,
2026-08-26-preston-north-end-v-everton,Everton,Jake O'Brien,1098607,bench,15,
2026-08-26-preston-north-end-v-everton,Everton,Mark Travers,731855,bench,12,
2026-08-26-preston-north-end-v-everton,Everton,Nathan Patterson,1112684,bench,2,
2026-08-26-preston-north-end-v-everton,Everton,Tyrique George,1424875,bench,19,
2026-08-26-preston-north-end-v-everton,Everton,Harrison Armstrong,1559637,start,45,
2026-08-26-preston-north-end-v-everton,Everton,Iliman Ndiaye,965764,start,10,
2026-08-26-preston-north-end-v-everton,Everton,James Garner,950474,start,37,
2026-08-26-preston-north-end-v-everton,Everton,James Tarkowski,243138,start,6,
2026-08-26-preston-north-end-v-everton,Everton,Jordan Pickford,303919,start,1,
2026-08-26-preston-north-end-v-everton,Everton,Kiernan Dewsbury-Hall,886016,start,8,
2026-08-26-preston-north-end-v-everton,Everton,Merlin Röhl,1210384,start,34,
2026-08-26-preston-north-end-v-everton,Everton,Michael Keane,290410,start,5,
2026-08-26-preston-north-end-v-everton,Everton,Thierno Barry,1398392,start,11,
2026-08-26-preston-north-end-v-everton,Everton,Tyler Dibling,1292833,start,20,
2026-08-26-preston-north-end-v-everton,Everton,Vitaliy Mykolenko,874025,start,16,
2026-08-26-preston-north-end-v-everton,Preston North End,Alfie Devine,1178263,bench,7,
2026-08-26-preston-north-end-v-everton,Preston North End,Alistair McCann,928440,bench,8,
2026-08-26-preston-north-end-v-everton,Preston North End,Andrew Hughes,212304,bench,16,
2026-08-26-preston-north-end-v-everton,Preston North End,Callum Lang,767738,bench,10,
2026-08-26-preston-north-end-v-everton,Preston North End,Daniel Iversen,617763,bench,1,
2026-08-26-preston-north-end-v-everton,Preston North End,Ed Nolan,1842552,bench,32,
2026-08-26-preston-north-end-v-everton,Preston North End,George Gryba,1804109,bench,30,
2026-08-26-preston-north-end-v-everton,Preston North End,Harry Clarke,1086712,bench,4,
2026-08-26-preston-north-end-v-everton,Preston North End,Liam Lindsay,445511,bench,6,
2026-08-26-preston-north-end-v-everton,Preston North End,Andrew Moran,1137404,start,23,
2026-08-26-preston-north-end-v-everton,Preston North End,Andrija Vukcevic,551961,start,3,
2026-08-26-preston-north-end-v-everton,Preston North End,Delano Burgzorg,904710,start,37,
2026-08-26-preston-north-end-v-everton,Preston North End,Jordan Storey,768325,start,14,
2026-08-26-preston-north-end-v-everton,Preston North End,Jordan Thompson,662728,start,15,
2026-08-26-preston-north-end-v-everton,Preston North End,Jusef Erabi,1228408,start,9,
2026-08-26-preston-north-end-v-everton,Preston North End,Lee Nicholls,231596,start,21,
2026-08-26-preston-north-end-v-everton,Preston North End,Lewis Gibson,872974,start,19,
2026-08-26-preston-north-end-v-everton,Preston North End,Léo Leroy,1022688,start,27,
2026-08-26-preston-north-end-v-everton,Preston North End,Pol Valentín,886874,start,2,
2026-08-26-preston-north-end-v-everton,Preston North End,Thierry Small,1195277,start,11,
2026-08-26-rapid-wien-v-heart-of-midlothian,Heart of Midlothian,Amadou Ba-Sy,1423260,bench,77,
2026-08-26-rapid-wien-v-heart-of-midlothian,Heart of Midlothian,Christian Dahle Borchgrevink,837269,bench,2,
2026-08-26-rapid-wien-v-heart-of-midlothian,Heart of Midlothian,Kieran Wright,914155,bench,34,
2026-08-26-rapid-wien-v-heart-of-midlothian,Heart of Midlothian,Laurent Mendy,1578006,bench,78,
2026-08-26-rapid-wien-v-heart-of-midlothian,Heart of Midlothian,MJ Kamara,1557503,bench,24,
2026-08-26-rapid-wien-v-heart-of-midlothian,Heart of Midlothian,Pierre Landry Kaboré,1635729,bench,11,
2026-08-26-rapid-wien-v-heart-of-midlothian,Heart of Midlothian,Rogers Mato,1328312,bench,74,
2026-08-26-rapid-wien-v-heart-of-midlothian,Heart of Midlothian,Ryan Fulton,682553,bench,30,
2026-08-26-rapid-wien-v-heart-of-midlothian,Heart of Midlothian,Sabah Kerjota,1787210,bench,29,
2026-08-26-rapid-wien-v-heart-of-midlothian,Heart of Midlothian,Sabri Guendouz,1514680,bench,19,
2026-08-26-rapid-wien-v-heart-of-midlothian,Heart of Midlothian,Tómas Magnússon,943802,bench,22,
2026-08-26-rapid-wien-v-heart-of-midlothian,Heart of Midlothian,Beau Reus,957356,start,1,
2026-08-26-rapid-wien-v-heart-of-midlothian,Heart of Midlothian,Blair Spittal,393272,start,16,
2026-08-26-rapid-wien-v-heart-of-midlothian,Heart of Midlothian,Calvin Miller,675041,start,7,
2026-08-26-rapid-wien-v-heart-of-midlothian,Heart of Midlothian,Cláudio Braga,1363019,start,10,
2026-08-26-rapid-wien-v-heart-of-midlothian,Heart of Midlothian,James Wilson,1477601,start,21,
2026-08-26-rapid-wien-v-heart-of-midlothian,Heart of Midlothian,Jamie McCart,766621,start,5,
2026-08-26-rapid-wien-v-heart-of-midlothian,Heart of Midlothian,Jordi Altena,1509549,start,23,
2026-08-26-rapid-wien-v-heart-of-midlothian,Heart of Midlothian,Joshua McPake,1071400,start,15,
2026-08-26-rapid-wien-v-heart-of-midlothian,Heart of Midlothian,Oisin McEntee,1012563,start,6,
2026-08-26-rapid-wien-v-heart-of-midlothian,Heart of Midlothian,Stuart Findlay,519951,start,17,
2026-08-26-rapid-wien-v-heart-of-midlothian,Heart of Midlothian,Tom Renaud,1081169,start,12,
2026-08-26-rapid-wien-v-heart-of-midlothian,Rapid Wien,Amìn-Elias Gröller,1663499,bench,47,
2026-08-26-rapid-wien-v-heart-of-midlothian,Rapid Wien,Ange Ahoussou,1333743,bench,20,
2026-08-26-rapid-wien-v-heart-of-midlothian,Rapid Wien,Eaden Roka,1663494,bench,2,
2026-08-26-rapid-wien-v-heart-of-midlothian,Rapid Wien,Furkan Demir,1385267,bench,61,
2026-08-26-rapid-wien-v-heart-of-midlothian,Rapid Wien,Laurenz Orgler,1230319,bench,50,
2026-08-26-rapid-wien-v-heart-of-midlothian,Rapid Wien,Louis Schaub,360561,bench,21,
2026-08-26-rapid-wien-v-heart-of-midlothian,Rapid Wien,Marco Tilio,1053472,bench,7,
2026-08-26-rapid-wien-v-heart-of-midlothian,Rapid Wien,Moulaye Haïdara,1800693,bench,43,
2026-08-26-rapid-wien-v-heart-of-midlothian,Rapid Wien,Nicolas Bajlicz,1385516,bench,30,
2026-08-26-rapid-wien-v-heart-of-midlothian,Rapid Wien,Nikolaus Wurmbrand,1663487,bench,15,
2026-08-26-rapid-wien-v-heart-of-midlothian,Rapid Wien,Paul Gartler,750937,bench,25,
2026-08-26-rapid-wien-v-heart-of-midlothian,Rapid Wien,Tobias Gulliksen,1093003,bench,17,
2026-08-26-rapid-wien-v-heart-of-midlothian,Rapid Wien,Bendegúz Bolla,888904,start,77,
2026-08-26-rapid-wien-v-heart-of-midlothian,Rapid Wien,Ercan Kara,1072519,start,9,
2026-08-26-rapid-wien-v-heart-of-midlothian,Rapid Wien,Jannes-Kilian Horn,710328,start,38,
2026-08-26-rapid-wien-v-heart-of-midlothian,Rapid Wien,Matthias Seidl,1276078,start,18,
2026-08-26-rapid-wien-v-heart-of-midlothian,Rapid Wien,Nenad Cvetkovic,934854,start,55,
2026-08-26-rapid-wien-v-heart-of-midlothian,Rapid Wien,Niklas Hedl,1160392,start,1,
2026-08-26-rapid-wien-v-heart-of-midlothian,Rapid Wien,Petter Nosakhare Dahl,1280257,start,10,
2026-08-26-rapid-wien-v-heart-of-midlothian,Rapid Wien,Romeo Amané,1338495,start,29,
2026-08-26-rapid-wien-v-heart-of-midlothian,Rapid Wien,Serge Raux Yao,1072820,start,6,
2026-08-26-rapid-wien-v-heart-of-midlothian,Rapid Wien,Tonni Adamsen,950603,start,8,
2026-08-26-rapid-wien-v-heart-of-midlothian,Rapid Wien,Yusuf Demir,1114554,start,22,
2026-08-26-tottenham-hotspur-v-charlton-athletic,Charlton Athletic,Alan Mwamba,1798693,bench,32,
2026-08-26-tottenham-hotspur-v-charlton-athletic,Charlton Athletic,Arthur Okonkwo,961994,bench,13,
2026-08-26-tottenham-hotspur-v-charlton-athletic,Charlton Athletic,Bradley Tagoe,2164158,bench,53,
2026-08-26-tottenham-hotspur-v-charlton-athletic,Charlton Athletic,Conor Coventry,770256,bench,6,
2026-08-26-tottenham-hotspur-v-charlton-athletic,Charlton Athletic,Dan McNamara,1017196,bench,20,
2026-08-26-tottenham-hotspur-v-charlton-athletic,Charlton Athletic,Joe Rankin-Costello,789547,bench,26,
2026-08-26-tottenham-hotspur-v-charlton-athletic,Charlton Athletic,Lloyd Jones,447418,bench,5,
2026-08-26-tottenham-hotspur-v-charlton-athletic,Charlton Athletic,Miles Leaburn,1389994,bench,11,
2026-08-26-tottenham-hotspur-v-charlton-athletic,Charlton Athletic,Sonny Carey,1081081,bench,14,
2026-08-26-tottenham-hotspur-v-charlton-athletic,Charlton Athletic,Billy Koumetio,1096692,start,12,
2026-08-26-tottenham-hotspur-v-charlton-athletic,Charlton Athletic,Collins Sichenje,1378819,start,28,
2026-08-26-tottenham-hotspur-v-charlton-athletic,Charlton Athletic,Greg Docherty,430429,start,10,
2026-08-26-tottenham-hotspur-v-charlton-athletic,Charlton Athletic,Harvey Knibbs,1056689,start,8,
2026-08-26-tottenham-hotspur-v-charlton-athletic,Charlton Athletic,Ivan Mesík,1044785,start,18,
2026-08-26-tottenham-hotspur-v-charlton-athletic,Charlton Athletic,Micah Mbick,1581073,start,33,
2026-08-26-tottenham-hotspur-v-charlton-athletic,Charlton Athletic,Millenic Alli,1119806,start,19,
2026-08-26-tottenham-hotspur-v-charlton-athletic,Charlton Athletic,Nathan Asiimwe,1420829,start,31,
2026-08-26-tottenham-hotspur-v-charlton-athletic,Charlton Athletic,Rob Apter,1206308,start,30,
2026-08-26-tottenham-hotspur-v-charlton-athletic,Charlton Athletic,Tiernan Brooks,1191369,start,21,
2026-08-26-tottenham-hotspur-v-charlton-athletic,Charlton Athletic,Timothy Noor Ouma,1312934,start,16,
2026-08-26-tottenham-hotspur-v-charlton-athletic,Tottenham Hotspur,Andrew Robertson,357880,bench,3,
2026-08-26-tottenham-hotspur-v-charlton-athletic,Tottenham Hotspur,Conor Gallagher,966027,bench,8,
2026-08-26-tottenham-hotspur-v-charlton-athletic,Tottenham Hotspur,Kevin Danso,754126,bench,4,
2026-08-26-tottenham-hotspur-v-charlton-athletic,Tottenham Hotspur,Luca Williams-Barnett,1636112,bench,68,
2026-08-26-tottenham-hotspur-v-charlton-athletic,Tottenham Hotspur,Martin Dúbravka,72241,bench,39,
2026-08-26-tottenham-hotspur-v-charlton-athletic,Tottenham Hotspur,Micky van de Ven,1097466,bench,37,
2026-08-26-tottenham-hotspur-v-charlton-athletic,Tottenham Hotspur,Pedro Porro,941573,bench,23,
2026-08-26-tottenham-hotspur-v-charlton-athletic,Tottenham Hotspur,Richarlison,654908,bench,9,
2026-08-26-tottenham-hotspur-v-charlton-athletic,Tottenham Hotspur,Sávio,1174337,bench,17,
2026-08-26-tottenham-hotspur-v-charlton-athletic,Tottenham Hotspur,Antonín Kinsky,1341475,start,31,
2026-08-26-tottenham-hotspur-v-charlton-athletic,Tottenham Hotspur,Archie Gray,1323305,start,14,
2026-08-26-tottenham-hotspur-v-charlton-athletic,Tottenham Hotspur,Ben Davies,276121,start,33,
2026-08-26-tottenham-hotspur-v-charlton-athletic,Tottenham Hotspur,Destiny Udogie,1052898,start,13,
2026-08-26-tottenham-hotspur-v-charlton-athletic,Tottenham Hotspur,Dominic Solanke,591734,start,19,
2026-08-26-tottenham-hotspur-v-charlton-athletic,Tottenham Hotspur,Jan Paul van Hecke,974618,start,6,
2026-08-26-tottenham-hotspur-v-charlton-athletic,Tottenham Hotspur,Lucas Bergvall,1386775,start,15,
2026-08-26-tottenham-hotspur-v-charlton-athletic,Tottenham Hotspur,Mateus Fernandes,1356312,start,18,
2026-08-26-tottenham-hotspur-v-charlton-athletic,Tottenham Hotspur,Mathys Tel,1288111,start,11,
2026-08-26-tottenham-hotspur-v-charlton-athletic,Tottenham Hotspur,Mikey Moore,1407250,start,47,
2026-08-26-tottenham-hotspur-v-charlton-athletic,Tottenham Hotspur,Rodrigo Bentancur,620618,start,30,
2026-08-27-cf-america-v-columbus-crew,CF América,Alejandro Cárdenas,2090280,bench,189,
2026-08-27-cf-america-v-columbus-crew,CF América,Alexis Gutiérrez,1010702,bench,20,
2026-08-27-cf-america-v-columbus-crew,CF América,Dagoberto Espinoza,1576897,bench,34,
2026-08-27-cf-america-v-columbus-crew,CF América,Diego Arriaga,1704909,bench,186,
2026-08-27-cf-america-v-columbus-crew,CF América,Edwin Cerrillo,1026051,bench,6,
2026-08-27-cf-america-v-columbus-crew,CF América,Emilio Lara,1096624,bench,2,
2026-08-27-cf-america-v-columbus-crew,CF América,Fernando Tapia,1192231,bench,21,
2026-08-27-cf-america-v-columbus-crew,CF América,Patricio Salas,1513185,bench,33,
2026-08-27-cf-america-v-columbus-crew,CF América,Ramón Juárez,1085776,bench,29,
2026-08-27-cf-america-v-columbus-crew,CF América,Ícaro,2090278,bench,27,
2026-08-27-cf-america-v-columbus-crew,CF América,Óscar Perea,1433034,bench,22,
2026-08-27-cf-america-v-columbus-crew,CF América,Alan Cervantes,848049,start,13,
2026-08-27-cf-america-v-columbus-crew,CF América,Brian Rodríguez,941660,start,7,
2026-08-27-cf-america-v-columbus-crew,CF América,Cristián Borja,683964,start,26,
2026-08-27-cf-america-v-columbus-crew,CF América,Erick Sánchez,772320,start,28,
2026-08-27-cf-america-v-columbus-crew,CF América,Henry Martín,558452,start,9,
2026-08-27-cf-america-v-columbus-crew,CF América,Isaías Violante,1197375,start,12,
2026-08-27-cf-america-v-columbus-crew,CF América,Israel Reyes,1074586,start,3,
2026-08-27-cf-america-v-columbus-crew,CF América,Kevin Álvarez,924737,start,5,
2026-08-27-cf-america-v-columbus-crew,CF América,Raphael Veiga,750740,start,23,
2026-08-27-cf-america-v-columbus-crew,CF América,Rodolfo Cota,111873,start,30,
2026-08-27-cf-america-v-columbus-crew,CF América,Sebastián Cáceres,1020026,start,4,
2026-08-27-cf-america-v-columbus-crew,Columbus Crew,Amar Sejdic,1026112,bench,14,
2026-08-27-cf-america-v-columbus-crew,Columbus Crew,André Gomes,361770,bench,20,
2026-08-27-cf-america-v-columbus-crew,Columbus Crew,Andrés Herrera,965091,bench,2,
2026-08-27-cf-america-v-columbus-crew,Columbus Crew,Chase Adams,1626999,bench,46,
2026-08-27-cf-america-v-columbus-crew,Columbus Crew,Dániel Gazdag,630102,bench,8,
2026-08-27-cf-america-v-columbus-crew,Columbus Crew,Eric Bailly,574200,bench,3,
2026-08-27-cf-america-v-columbus-crew,Columbus Crew,Gonzalo Tapia,1108614,bench,33,
2026-08-27-cf-america-v-columbus-crew,Columbus Crew,Lautaro Giaccone,1220657,bench,26,
2026-08-27-cf-america-v-columbus-crew,Columbus Crew,Luke Pruter,1732574,bench,54,
2026-08-27-cf-america-v-columbus-crew,Columbus Crew,Mohamed Farsi,1194635,bench,23,
2026-08-27-cf-america-v-columbus-crew,Columbus Crew,Nicholas Hagen,960923,bench,1,
2026-08-27-cf-america-v-columbus-crew,Columbus Crew,Owen Presthus,1647191,bench,45,
2026-08-27-cf-america-v-columbus-crew,Columbus Crew,Brais Méndez,640122,start,10,
2026-08-27-cf-america-v-columbus-crew,Columbus Crew,Brooks Lennon,760725,start,11,
2026-08-27-cf-america-v-columbus-crew,Columbus Crew,Cesar Ruvalcaba,1727042,start,12,
2026-08-27-cf-america-v-columbus-crew,Columbus Crew,Dylan Chambost,770306,start,7,
2026-08-27-cf-america-v-columbus-crew,Columbus Crew,Josef Martínez,239287,start,77,
2026-08-27-cf-america-v-columbus-crew,Columbus Crew,Malte Amundsen,623145,start,18,
2026-08-27-cf-america-v-columbus-crew,Columbus Crew,Patrick Schulte,1083292,start,28,
2026-08-27-cf-america-v-columbus-crew,Columbus Crew,Sean Zawadzki,1338763,start,25,
2026-08-27-cf-america-v-columbus-crew,Columbus Crew,Steven Moreira,444000,start,31,
2026-08-27-cf-america-v-columbus-crew,Columbus Crew,Taha Habroune,1482266,start,16,
2026-08-27-cf-america-v-columbus-crew,Columbus Crew,Tarun Karumanchi,1935404,start,50,
2026-08-27-new-mexico-united-v-lexington-sc,Lexington SC,Andrew Caborn,1921044,bench,14,
2026-08-27-new-mexico-united-v-lexington-sc,Lexington SC,Blaine Ferri,1346890,bench,16,
2026-08-27-new-mexico-united-v-lexington-sc,Lexington SC,Brady Stockton,2164866,bench,24,
2026-08-27-new-mexico-united-v-lexington-sc,Lexington SC,Brooks Thompson,1083232,bench,31,
2026-08-27-new-mexico-united-v-lexington-sc,Lexington SC,Javain Brown,876136,bench,23,
2026-08-27-new-mexico-united-v-lexington-sc,Lexington SC,Milo Yosef,1447918,bench,20,
2026-08-27-new-mexico-united-v-lexington-sc,Lexington SC,Patrick Seagrist,1136639,bench,98,
2026-08-27-new-mexico-united-v-lexington-sc,Lexington SC,Aaron Molloy,731870,start,6,
2026-08-27-new-mexico-united-v-lexington-sc,Lexington SC,Jacob Greene,1190665,start,2,
2026-08-27-new-mexico-united-v-lexington-sc,Lexington SC,Kendall Burks,1338616,start,5,
2026-08-27-new-mexico-united-v-lexington-sc,Lexington SC,Malcolm Fry,1403414,start,34,
2026-08-27-new-mexico-united-v-lexington-sc,Lexington SC,Marcus Epps,825666,start,7,
2026-08-27-new-mexico-united-v-lexington-sc,Lexington SC,Marqes Muir,1238237,start,21,
2026-08-27-new-mexico-united-v-lexington-sc,Lexington SC,Nicolas Firmino,1026160,start,8,
2026-08-27-new-mexico-united-v-lexington-sc,Lexington SC,Noble Okello,1016092,start,15,
2026-08-27-new-mexico-united-v-lexington-sc,Lexington SC,Oliver Semmle,1448069,start,17,
2026-08-27-new-mexico-united-v-lexington-sc,Lexington SC,Tarik Scott,1351047,start,19,
2026-08-27-new-mexico-united-v-lexington-sc,Lexington SC,Xavier Zengue,1440019,start,12,
2026-08-27-new-mexico-united-v-lexington-sc,New Mexico United,Andrew Pannenberg,1252224,bench,33,
2026-08-27-new-mexico-united-v-lexington-sc,New Mexico United,Cristian Nava,1272104,bench,11,
2026-08-27-new-mexico-united-v-lexington-sc,New Mexico United,Cullen Wilkerson,1172876,bench,28,
2026-08-27-new-mexico-united-v-lexington-sc,New Mexico United,Gedion Zelalem,481387,bench,6,
2026-08-27-new-mexico-united-v-lexington-sc,New Mexico United,Luther Archimède,1005796,bench,29,
2026-08-27-new-mexico-united-v-lexington-sc,New Mexico United,Sofiane Djeffal,1339365,bench,18,
2026-08-27-new-mexico-united-v-lexington-sc,New Mexico United,Tyler Blackett,501040,bench,24,
2026-08-27-new-mexico-united-v-lexington-sc,New Mexico United,Chris Gloster,1054030,start,3,
2026-08-27-new-mexico-united-v-lexington-sc,New Mexico United,Dayonn Harris,1172427,start,5,
2026-08-27-new-mexico-united-v-lexington-sc,New Mexico United,Greg Hurst,632285,start,10,
2026-08-27-new-mexico-united-v-lexington-sc,New Mexico United,Jake LaCava,1171307,start,17,
2026-08-27-new-mexico-united-v-lexington-sc,New Mexico United,Justin Rennicks,1026140,start,9,
2026-08-27-new-mexico-united-v-lexington-sc,New Mexico United,Kipp Keller,1339430,start,4,
2026-08-27-new-mexico-united-v-lexington-sc,New Mexico United,Kristopher Shakes,1168844,start,13,
2026-08-27-new-mexico-united-v-lexington-sc,New Mexico United,Niall Reid-Stephen,1240864,start,7,
2026-08-27-new-mexico-united-v-lexington-sc,New Mexico United,Niko Hämäläinen,662981,start,2,
2026-08-27-new-mexico-united-v-lexington-sc,New Mexico United,Ousman Jabang,1460330,start,15,
2026-08-27-new-mexico-united-v-lexington-sc,New Mexico United,Zico Bailey,1075639,start,19,
2026-08-27-toluca-v-austin-fc,Austin FC,Brandon Vázquez,688296,bench,9,
2026-08-27-toluca-v-austin-fc,Austin FC,Charlie Farrar,1781726,bench,39,
2026-08-27-toluca-v-austin-fc,Austin FC,Damian Las,1187234,bench,12,
2026-08-27-toluca-v-austin-fc,Austin FC,Facundo Torres,1139168,bench,11,
2026-08-27-toluca-v-austin-fc,Austin FC,Jon Bell,1136496,bench,15,
2026-08-27-toluca-v-austin-fc,Austin FC,Jorge Alastuey,1557051,bench,24,
2026-08-27-toluca-v-austin-fc,Austin FC,Mateja Djordjevic,1284374,bench,35,
2026-08-27-toluca-v-austin-fc,Austin FC,Micah Burton,1463762,bench,32,
2026-08-27-toluca-v-austin-fc,Austin FC,Mikkel Desler,402995,bench,3,
2026-08-27-toluca-v-austin-fc,Austin FC,Przemyslaw Placheta,862717,bench,77,
2026-08-27-toluca-v-austin-fc,Austin FC,Riley Thomas,1729684,bench,2,
2026-08-27-toluca-v-austin-fc,Austin FC,Zan Kolmanic,862331,bench,23,
2026-08-27-toluca-v-austin-fc,Austin FC,Besard Sabovic,619365,start,14,
2026-08-27-toluca-v-austin-fc,Austin FC,Brad Stuver,431642,start,1,
2026-08-27-toluca-v-austin-fc,Austin FC,Brendan Hines-Ike,716424,start,4,
2026-08-27-toluca-v-austin-fc,Austin FC,Christian Ramirez,634865,start,21,
2026-08-27-toluca-v-austin-fc,Austin FC,Ervin Torres,1642174,start,38,
2026-08-27-toluca-v-austin-fc,Austin FC,Guilherme Biro,1174298,start,29,
2026-08-27-toluca-v-austin-fc,Austin FC,Ilie Sánchez,213697,start,6,
2026-08-27-toluca-v-austin-fc,Austin FC,Jon Gallagher,922849,start,17,
2026-08-27-toluca-v-austin-fc,Austin FC,Joseph Rosales,1028458,start,30,
2026-08-27-toluca-v-austin-fc,Austin FC,Myrto Uzuni,948247,start,10,
2026-08-27-toluca-v-austin-fc,Austin FC,Oleksandr Svatok,510306,start,5,
2026-08-27-toluca-v-austin-fc,Toluca,Antonio Briseño,291556,bench,3,
2026-08-27-toluca-v-austin-fc,Toluca,David Shrem,1699722,bench,18,
2026-08-27-toluca-v-austin-fc,Toluca,Diego Barbosa,766850,bench,2,
2026-08-27-toluca-v-austin-fc,Toluca,Everardo López,1353113,bench,25,
2026-08-27-toluca-v-austin-fc,Toluca,Fernando Arce,659034,bench,24,
2026-08-27-toluca-v-austin-fc,Toluca,Jorge Díaz,914079,bench,29,
2026-08-27-toluca-v-austin-fc,Toluca,Luan Garcia,387490,bench,13,
2026-08-27-toluca-v-austin-fc,Toluca,Luis Navarrete,1691083,bench,192,
2026-08-27-toluca-v-austin-fc,Toluca,Oswaldo Virgen,1367053,bench,23,
2026-08-27-toluca-v-austin-fc,Toluca,Pável Pérez,1179357,bench,15,
2026-08-27-toluca-v-austin-fc,Toluca,Ronaldo Beltrán,1344945,bench,12,
2026-08-27-toluca-v-austin-fc,Toluca,Víctor Guzmán,643749,bench,7,
2026-08-27-toluca-v-austin-fc,Toluca,Alexis Vega,728365,start,9,
2026-08-27-toluca-v-austin-fc,Toluca,Brian García,1205874,start,17,
2026-08-27-toluca-v-austin-fc,Toluca,Bruno Méndez,933574,start,4,
2026-08-27-toluca-v-austin-fc,Toluca,Federico Pereira,1053836,start,6,
2026-08-27-toluca-v-austin-fc,Toluca,Federico Viñas,1032811,start,16,
2026-08-27-toluca-v-austin-fc,Toluca,Franco Romero,1203838,start,5,
2026-08-27-toluca-v-austin-fc,Toluca,Helinho,935183,start,11,
2026-08-27-toluca-v-austin-fc,Toluca,Hugo González,188123,start,1,
2026-08-27-toluca-v-austin-fc,Toluca,Jesús Angulo,730888,start,10,
2026-08-27-toluca-v-austin-fc,Toluca,Jesús Gallardo,597976,start,20,
2026-08-27-toluca-v-austin-fc,Toluca,Nicolás Castro,1099712,start,8,
